time,x,y,z,gforce
0.024,0.243,0.966,0.261,1.030
0.024,0.242,0.965,0.265,1.029
0.024,0.241,0.964,0.270,1.030
0.024,0.240,0.964,0.278,1.031
0.024,0.238,0.965,0.285,1.034
0.024,0.234,0.967,0.290,1.037
0.024,0.229,0.968,0.294,1.037
0.024,0.224,0.969,0.296,1.038
0.025,0.220,0.971,0.299,1.039
0.025,0.214,0.972,0.301,1.040
0.026,0.209,0.971,0.304,1.038
0.028,0.203,0.968,0.306,1.036
0.032,0.195,0.965,0.307,1.031
0.032,0.187,0.961,0.305,1.026
0.035,0.180,0.958,0.303,1.021
0.038,0.171,0.954,0.302,1.016
0.040,0.163,0.949,0.300,1.009
0.042,0.156,0.944,0.298,1.002
0.045,0.150,0.940,0.297,0.997
0.047,0.145,0.934,0.296,0.990
0.049,0.142,0.930,0.294,0.985
0.052,0.140,0.928,0.293,0.983
0.054,0.140,0.928,0.290,0.982
0.057,0.142,0.928,0.289,0.982
0.059,0.146,0.930,0.289,0.985
0.062,0.152,0.935,0.288,0.990
0.064,0.158,0.940,0.288,0.996
0.066,0.166,0.945,0.290,1.002
0.068,0.174,0.950,0.292,1.009
0.071,0.183,0.954,0.295,1.015
0.075,0.191,0.958,0.296,1.020
0.075,0.196,0.960,0.297,1.023
0.080,0.201,0.961,0.299,1.026
0.081,0.204,0.962,0.300,1.028
0.083,0.203,0.962,0.300,1.028
0.085,0.202,0.960,0.297,1.025
0.088,0.200,0.960,0.295,1.024
0.090,0.199,0.960,0.297,1.024
0.093,0.198,0.957,0.299,1.022
0.098,0.198,0.956,0.303,1.022
0.098,0.200,0.956,0.305,1.023
0.100,0.201,0.955,0.308,1.023
0.104,0.201,0.955,0.313,1.025
0.105,0.201,0.955,0.319,1.026
0.108,0.200,0.953,0.325,1.026
0.109,0.199,0.951,0.331,1.026
0.113,0.200,0.950,0.337,1.028
0.114,0.199,0.950,0.346,1.031
0.117,0.197,0.951,0.356,1.035
0.119,0.188,0.942,0.361,1.026
0.121,0.181,0.925,0.359,1.009
0.124,0.191,0.919,0.351,1.002
0.126,0.205,0.922,0.341,1.005
0.130,0.211,0.930,0.337,1.012
0.131,0.207,0.939,0.337,1.019
0.134,0.198,0.942,0.338,1.020
0.136,0.189,0.940,0.341,1.017
0.138,0.185,0.935,0.343,1.013
0.141,0.187,0.932,0.343,1.010
0.143,0.192,0.932,0.341,1.011
0.147,0.194,0.931,0.337,1.009
0.148,0.193,0.931,0.334,1.008
0.151,0.192,0.933,0.339,1.012
0.153,0.191,0.934,0.347,1.015
0.156,0.192,0.936,0.349,1.017
0.158,0.193,0.940,0.347,1.021
0.160,0.194,0.943,0.345,1.023
0.163,0.196,0.943,0.339,1.021
0.165,0.196,0.941,0.330,1.016
0.167,0.194,0.941,0.322,1.013
0.170,0.191,0.940,0.313,1.009
0.172,0.189,0.940,0.305,1.006
0.174,0.185,0.937,0.299,1.001
0.177,0.180,0.934,0.295,0.996
0.180,0.175,0.932,0.293,0.992
0.182,0.172,0.930,0.291,0.989
0.184,0.171,0.927,0.291,0.987
0.186,0.168,0.923,0.294,0.983
0.189,0.164,0.918,0.296,0.979
0.191,0.162,0.914,0.297,0.975
0.198,0.157,0.912,0.299,0.972
0.198,0.154,0.910,0.300,0.970
0.199,0.156,0.908,0.288,0.966
0.201,0.158,0.909,0.280,0.964
0.204,0.154,0.910,0.289,0.967
0.206,0.151,0.909,0.299,0.969
0.209,0.152,0.907,0.303,0.968
0.210,0.153,0.906,0.305,0.968
0.213,0.156,0.905,0.309,0.969
0.216,0.159,0.906,0.314,0.972
0.218,0.163,0.910,0.320,0.978
0.220,0.169,0.914,0.327,0.985
0.223,0.173,0.921,0.330,0.994
0.225,0.173,0.930,0.336,1.004
0.227,0.167,0.934,0.339,1.007
0.230,0.157,0.923,0.324,0.991
0.233,0.154,0.914,0.312,0.978
0.235,0.164,0.917,0.323,0.986
0.238,0.180,0.929,0.339,1.005
0.239,0.193,0.943,0.349,1.024
0.250,0.202,0.953,0.354,1.037
0.250,0.206,0.960,0.357,1.044
0.251,0.206,0.961,0.365,1.048
0.251,0.205,0.959,0.378,1.051
0.254,0.206,0.957,0.385,1.052
0.254,0.208,0.955,0.387,1.052
0.257,0.210,0.955,0.389,1.052
0.259,0.210,0.954,0.389,1.052
0.263,0.207,0.954,0.388,1.051
0.264,0.205,0.953,0.385,1.048
0.266,0.200,0.953,0.379,1.044
0.269,0.193,0.949,0.369,1.037
0.271,0.189,0.945,0.355,1.027
0.274,0.185,0.942,0.341,1.019
0.276,0.182,0.939,0.328,1.011
0.281,0.178,0.937,0.316,1.004
0.281,0.175,0.933,0.308,0.998
0.283,0.174,0.931,0.301,0.994
0.286,0.172,0.931,0.293,0.991
0.288,0.171,0.931,0.287,0.989
0.290,0.169,0.932,0.282,0.988
0.293,0.170,0.932,0.278,0.987
0.297,0.170,0.929,0.275,0.984
0.298,0.168,0.927,0.271,0.980
0.300,0.168,0.927,0.269,0.979
0.302,0.167,0.925,0.270,0.978
0.305,0.165,0.923,0.271,0.976
0.307,0.164,0.923,0.277,0.977
0.310,0.163,0.925,0.289,0.982
0.312,0.161,0.926,0.302,0.987
0.315,0.160,0.925,0.313,0.989
0.317,0.160,0.926,0.321,0.993
0.319,0.161,0.927,0.330,0.997
0.321,0.162,0.926,0.337,0.999
0.325,0.162,0.925,0.344,1.000
0.326,0.162,0.924,0.350,1.002
0.329,0.161,0.925,0.355,1.004
0.331,0.161,0.924,0.358,1.004
0.334,0.159,0.922,0.360,1.003
0.336,0.157,0.921,0.362,1.002
0.338,0.156,0.923,0.361,1.004
0.341,0.154,0.923,0.359,1.002
0.343,0.154,0.921,0.356,1.000
0.346,0.156,0.923,0.353,1.000
0.348,0.158,0.924,0.350,1.001
0.350,0.161,0.925,0.346,1.001
0.353,0.163,0.926,0.342,1.000
0.355,0.164,0.927,0.336,0.999
0.358,0.164,0.928,0.329,0.998
0.360,0.165,0.927,0.322,0.995
0.363,0.166,0.928,0.317,0.995
0.365,0.167,0.930,0.313,0.995
0.367,0.167,0.929,0.310,0.994
0.370,0.167,0.930,0.307,0.993
0.372,0.164,0.930,0.305,0.993
0.375,0.161,0.933,0.306,0.995
0.377,0.158,0.934,0.306,0.996
0.380,0.156,0.933,0.305,0.994
0.382,0.155,0.932,0.305,0.993
0.384,0.153,0.932,0.306,0.993
0.387,0.152,0.932,0.308,0.993
0.389,0.152,0.932,0.310,0.994
0.391,0.154,0.932,0.312,0.995
0.394,0.160,0.935,0.315,0.999
0.399,0.164,0.939,0.319,1.005
0.399,0.168,0.941,0.324,1.009
0.401,0.171,0.943,0.329,1.013
0.404,0.174,0.945,0.333,1.018
0.406,0.177,0.949,0.335,1.022
0.409,0.181,0.950,0.337,1.024
0.412,0.185,0.952,0.338,1.027
0.414,0.185,0.955,0.339,1.030
0.416,0.185,0.956,0.341,1.032
0.418,0.188,0.957,0.341,1.033
0.421,0.191,0.958,0.340,1.034
0.423,0.193,0.960,0.340,1.036
0.425,0.193,0.960,0.338,1.036
0.428,0.193,0.958,0.335,1.033
0.430,0.192,0.955,0.332,1.029
0.432,0.189,0.953,0.327,1.026
0.435,0.185,0.951,0.324,1.021
0.437,0.183,0.946,0.320,1.016
0.440,0.178,0.942,0.316,1.010
0.443,0.172,0.938,0.313,1.004
0.445,0.167,0.936,0.311,1.000
0.448,0.163,0.934,0.307,0.997
0.449,0.160,0.932,0.304,0.994
0.452,0.156,0.930,0.303,0.990
0.454,0.153,0.927,0.302,0.987
0.457,0.151,0.927,0.302,0.987
0.460,0.150,0.928,0.304,0.988
0.465,0.150,0.929,0.308,0.990
0.465,0.151,0.931,0.311,0.993
0.466,0.153,0.934,0.314,0.997
0.469,0.158,0.938,0.309,1.000
0.471,0.162,0.941,0.305,1.002
0.474,0.166,0.940,0.315,1.005
0.476,0.173,0.939,0.325,1.009
0.478,0.183,0.942,0.327,1.014
0.482,0.196,0.946,0.327,1.020
0.493,0.204,0.951,0.330,1.027
0.493,0.207,0.957,0.336,1.035
0.494,0.208,0.958,0.342,1.038
0.494,0.206,0.958,0.346,1.039
0.494,0.206,0.958,0.350,1.040
0.500,0.207,0.958,0.351,1.041
0.500,0.209,0.956,0.350,1.040
0.501,0.210,0.955,0.350,1.039
0.503,0.211,0.952,0.353,1.037
0.505,0.214,0.951,0.357,1.038
0.507,0.219,0.948,0.380,1.045
0.510,0.224,0.937,0.437,1.058
0.515,0.206,0.925,0.446,1.047
0.516,0.190,0.925,0.394,1.023
0.517,0.189,0.934,0.359,1.018
0.519,0.183,0.941,0.350,1.021
0.522,0.181,0.950,0.348,1.028
0.525,0.179,0.960,0.340,1.034
0.527,0.174,0.963,0.327,1.031
0.529,0.167,0.957,0.318,1.022
0.533,0.161,0.950,0.312,1.012
0.534,0.157,0.943,0.307,1.004
0.536,0.159,0.939,0.305,1.000
0.539,0.161,0.938,0.307,1.000
0.541,0.161,0.940,0.314,1.004
0.543,0.158,0.942,0.325,1.009
0.546,0.155,0.943,0.340,1.014
0.548,0.151,0.942,0.354,1.018
0.551,0.151,0.942,0.367,1.023
0.553,0.153,0.944,0.379,1.029
0.556,0.159,0.945,0.388,1.034
0.558,0.167,0.948,0.396,1.041
0.561,0.173,0.951,0.402,1.047
0.563,0.179,0.952,0.409,1.051
0.565,0.182,0.953,0.414,1.055
0.567,0.186,0.956,0.411,1.058
0.570,0.188,0.959,0.408,1.059
0.572,0.189,0.961,0.400,1.058
0.575,0.190,0.962,0.390,1.055
0.577,0.190,0.963,0.383,1.054
0.580,0.188,0.965,0.375,1.053
0.582,0.185,0.966,0.367,1.050
0.585,0.182,0.965,0.361,1.046
0.587,0.178,0.962,0.356,1.041
0.589,0.173,0.960,0.352,1.037
0.592,0.170,0.957,0.346,1.032
0.594,0.165,0.954,0.341,1.027
0.600,0.161,0.951,0.337,1.022
0.600,0.159,0.949,0.335,1.019
0.603,0.157,0.947,0.332,1.016
0.605,0.153,0.945,0.329,1.012
0.607,0.149,0.941,0.328,1.008
0.609,0.146,0.938,0.326,1.004
0.612,0.142,0.938,0.325,1.003
0.615,0.138,0.937,0.325,1.002
0.616,0.135,0.936,0.328,1.001
0.618,0.134,0.937,0.330,1.003
0.621,0.133,0.940,0.336,1.007
0.624,0.133,0.939,0.343,1.009
0.625,0.133,0.940,0.348,1.011
0.628,0.134,0.940,0.354,1.014
0.632,0.138,0.940,0.361,1.017
0.633,0.143,0.943,0.370,1.023
0.635,0.145,0.945,0.380,1.029
0.637,0.149,0.946,0.387,1.033
0.640,0.153,0.947,0.393,1.037
0.642,0.156,0.948,0.399,1.040
0.645,0.158,0.950,0.404,1.044
0.649,0.161,0.951,0.407,1.047
0.650,0.161,0.951,0.407,1.047
0.652,0.158,0.950,0.406,1.045
0.655,0.156,0.948,0.404,1.042
0.657,0.153,0.945,0.399,1.037
0.659,0.150,0.944,0.392,1.033
0.665,0.147,0.942,0.385,1.028
0.665,0.143,0.941,0.378,1.024
0.666,0.139,0.939,0.372,1.019
0.669,0.134,0.936,0.366,1.013
0.672,0.130,0.934,0.355,1.008
0.674,0.128,0.935,0.345,1.005
0.676,0.127,0.937,0.337,1.004
0.681,0.125,0.939,0.329,1.002
0.681,0.123,0.940,0.320,1.000
0.684,0.121,0.941,0.311,0.998
0.686,0.119,0.940,0.303,0.995
0.688,0.120,0.941,0.299,0.995
0.690,0.122,0.943,0.296,0.996
0.693,0.123,0.944,0.295,0.996
0.701,0.120,0.942,0.295,0.995
0.702,0.120,0.942,0.296,0.994
0.702,0.120,0.943,0.299,0.996
0.703,0.118,0.942,0.303,0.997
0.705,0.118,0.942,0.306,0.997
0.707,0.118,0.942,0.310,0.998
0.710,0.117,0.942,0.315,1.000
0.722,0.118,0.944,0.320,1.004
0.722,0.120,0.945,0.325,1.007
0.722,0.123,0.948,0.331,1.012
0.722,0.125,0.952,0.335,1.017
0.723,0.128,0.954,0.338,1.020
0.736,0.131,0.956,0.341,1.023
0.737,0.133,0.958,0.344,1.026
0.737,0.137,0.959,0.347,1.029
0.737,0.143,0.960,0.351,1.032
0.737,0.145,0.963,0.356,1.036
0.737,0.149,0.963,0.359,1.039
0.740,0.154,0.964,0.360,1.041
0.741,0.156,0.964,0.362,1.042
0.743,0.157,0.965,0.361,1.042
0.748,0.153,0.965,0.358,1.041
0.749,0.150,0.963,0.357,1.038
0.750,0.147,0.961,0.354,1.034
0.753,0.145,0.958,0.350,1.030
0.756,0.143,0.955,0.343,1.025
0.758,0.139,0.953,0.333,1.019
0.760,0.134,0.951,0.323,1.013
0.764,0.128,0.949,0.317,1.009
0.766,0.125,0.946,0.311,1.004
0.768,0.119,0.944,0.303,0.999
0.770,0.113,0.940,0.297,0.993
0.773,0.105,0.936,0.293,0.987
0.775,0.097,0.934,0.289,0.983
0.778,0.092,0.932,0.288,0.980
0.780,0.087,0.929,0.287,0.976
0.783,0.084,0.929,0.286,0.975
0.785,0.081,0.928,0.287,0.975
0.787,0.080,0.925,0.289,0.973
0.789,0.078,0.923,0.290,0.971
0.792,0.078,0.924,0.291,0.972
0.795,0.079,0.925,0.296,0.975
0.799,0.084,0.925,0.302,0.977
0.800,0.089,0.928,0.307,0.981
0.802,0.095,0.933,0.314,0.989
0.805,0.103,0.938,0.321,0.997
0.806,0.108,0.942,0.327,1.003
0.809,0.113,0.944,0.330,1.007
0.812,0.119,0.946,0.332,1.009
0.818,0.125,0.946,0.338,1.012
0.819,0.127,0.946,0.343,1.014
0.819,0.128,0.945,0.347,1.015
0.822,0.127,0.944,0.348,1.014
0.823,0.126,0.942,0.347,1.012
0.826,0.127,0.940,0.344,1.009
0.828,0.124,0.937,0.340,1.005
0.831,0.120,0.937,0.336,1.002
0.834,0.117,0.936,0.331,1.000
0.835,0.113,0.935,0.328,0.997
0.837,0.109,0.934,0.324,0.994
0.840,0.107,0.931,0.319,0.990
0.842,0.105,0.930,0.314,0.987
0.845,0.104,0.927,0.308,0.982
0.847,0.103,0.923,0.301,0.977
0.850,0.102,0.921,0.296,0.973
0.852,0.099,0.921,0.291,0.971
0.855,0.098,0.922,0.288,0.971
0.857,0.098,0.922,0.283,0.970
0.859,0.098,0.924,0.280,0.971
0.866,0.099,0.926,0.278,0.972
0.866,0.100,0.928,0.275,0.973
0.867,0.100,0.930,0.274,0.975
0.869,0.103,0.930,0.274,0.975
0.871,0.106,0.930,0.275,0.976
0.875,0.108,0.931,0.274,0.976
0.876,0.111,0.934,0.274,0.980
0.882,0.112,0.939,0.276,0.985
0.882,0.113,0.941,0.278,0.988
0.884,0.113,0.940,0.281,0.987
0.886,0.111,0.939,0.286,0.988
0.888,0.108,0.941,0.292,0.991
0.891,0.107,0.942,0.298,0.993
0.893,0.108,0.942,0.303,0.995
0.900,0.108,0.942,0.307,0.997
0.900,0.109,0.943,0.311,0.999
0.901,0.110,0.945,0.313,1.001
0.903,0.111,0.947,0.315,1.004
0.905,0.112,0.950,0.317,1.007
0.907,0.112,0.952,0.317,1.009
0.910,0.113,0.953,0.315,1.010
0.914,0.113,0.954,0.311,1.010
0.915,0.113,0.954,0.309,1.009
0.917,0.113,0.953,0.306,1.008
0.919,0.113,0.953,0.302,1.006
0.922,0.113,0.953,0.298,1.005
0.924,0.112,0.952,0.293,1.002
0.927,0.111,0.950,0.289,0.999
0.931,0.110,0.950,0.288,0.999
0.932,0.108,0.949,0.287,0.997
0.934,0.107,0.946,0.283,0.993
0.936,0.107,0.945,0.278,0.991
0.939,0.108,0.945,0.275,0.990
0.941,0.109,0.943,0.273,0.987
0.944,0.107,0.941,0.270,0.985
0.948,0.107,0.942,0.270,0.985
0.948,0.109,0.942,0.271,0.986
0.951,0.110,0.941,0.271,0.986
0.953,0.111,0.943,0.273,0.988
0.956,0.113,0.945,0.277,0.991
0.958,0.116,0.945,0.281,0.993
0.960,0.121,0.945,0.286,0.995
0.965,0.125,0.945,0.292,0.997
0.979,0.129,0.947,0.298,1.001
0.979,0.135,0.950,0.304,1.007
0.979,0.140,0.951,0.309,1.010
0.980,0.142,0.950,0.312,1.010
0.980,0.144,0.949,0.313,1.010
0.980,0.146,0.948,0.313,1.009
0.981,0.149,0.948,0.311,1.009
0.984,0.149,0.950,0.309,1.010
0.985,0.149,0.951,0.305,1.009
0.987,0.149,0.951,0.300,1.008
0.990,0.150,0.952,0.298,1.008
0.992,0.152,0.954,0.296,1.011
0.995,0.154,0.956,0.294,1.012
1.000,0.155,0.956,0.293,1.012
1.001,0.156,0.958,0.291,1.013
1.001,0.157,0.960,0.289,1.014
1.005,0.154,0.957,0.288,1.012
1.006,0.153,0.954,0.286,1.008
1.009,0.150,0.953,0.284,1.005
1.012,0.144,0.950,0.283,1.002
1.015,0.138,0.947,0.282,0.998
1.017,0.131,0.946,0.281,0.995
1.019,0.126,0.944,0.279,0.993
1.021,0.119,0.942,0.278,0.989
1.024,0.114,0.941,0.277,0.987
1.026,0.111,0.942,0.277,0.988
1.028,0.109,0.942,0.281,0.989
1.031,0.108,0.942,0.280,0.988
1.033,0.110,0.943,0.278,0.990
1.036,0.112,0.946,0.281,0.993
1.038,0.115,0.946,0.282,0.994
1.040,0.118,0.948,0.284,0.996
1.042,0.122,0.951,0.286,1.001
1.045,0.126,0.954,0.287,1.005
1.048,0.129,0.959,0.288,1.010
1.050,0.132,0.962,0.290,1.014
1.052,0.136,0.962,0.291,1.015
1.055,0.140,0.962,0.290,1.015
1.057,0.139,0.962,0.291,1.014
1.060,0.137,0.960,0.292,1.013
1.065,0.135,0.958,0.290,1.010
1.065,0.133,0.954,0.287,1.005
1.067,0.130,0.951,0.283,1.000
1.070,0.125,0.948,0.280,0.996
1.072,0.118,0.946,0.276,0.992
1.074,0.112,0.943,0.271,0.988
1.076,0.109,0.941,0.265,0.983
1.082,0.107,0.937,0.262,0.979
1.082,0.103,0.933,0.261,0.975
1.084,0.097,0.933,0.258,0.973
1.086,0.094,0.931,0.255,0.970
1.088,0.088,0.928,0.252,0.966
1.091,0.085,0.926,0.251,0.963
1.094,0.083,0.925,0.250,0.962
1.101,0.082,0.927,0.250,0.964
1.101,0.080,0.930,0.253,0.967
1.102,0.081,0.932,0.258,0.970
1.103,0.085,0.934,0.263,0.974
1.105,0.089,0.937,0.266,0.978
1.108,0.094,0.941,0.273,0.984
1.110,0.098,0.942,0.280,0.988
1.113,0.105,0.944,0.284,0.992
1.116,0.111,0.947,0.289,0.997
1.117,0.114,0.949,0.295,1.001
1.120,0.117,0.952,0.299,1.005
1.122,0.120,0.955,0.299,1.008
1.124,0.123,0.956,0.300,1.010
1.127,0.126,0.957,0.303,1.012
1.131,0.125,0.959,0.304,1.014
1.132,0.124,0.959,0.302,1.013
1.134,0.122,0.959,0.300,1.012
1.136,0.121,0.961,0.299,1.013
1.139,0.120,0.961,0.297,1.013
1.141,0.117,0.959,0.293,1.010
1.144,0.115,0.957,0.290,1.006
1.147,0.113,0.956,0.287,1.004
1.149,0.108,0.954,0.284,1.001
1.151,0.105,0.953,0.281,0.999
1.154,0.103,0.951,0.277,0.996
1.156,0.099,0.948,0.273,0.992
1.159,0.094,0.946,0.269,0.988
1.161,0.092,0.944,0.265,0.985
1.167,0.089,0.943,0.261,0.983
1.167,0.087,0.942,0.260,0.981
1.169,0.086,0.940,0.258,0.979
1.170,0.085,0.938,0.257,0.976
1.173,0.084,0.937,0.259,0.976
1.175,0.085,0.938,0.262,0.978
1.177,0.088,0.938,0.267,0.979
1.181,0.090,0.937,0.271,0.980
1.182,0.092,0.937,0.277,0.981
1.185,0.095,0.938,0.284,0.985
1.187,0.098,0.939,0.288,0.987
1.189,0.100,0.939,0.290,0.988
1.192,0.103,0.940,0.295,0.991
1.195,0.107,0.940,0.301,0.993
1.201,0.107,0.941,0.306,0.995
1.202,0.107,0.942,0.312,0.998
1.202,0.109,0.942,0.317,1.000
1.205,0.110,0.941,0.320,1.000
1.218,0.111,0.940,0.320,0.999
1.218,0.109,0.938,0.320,0.997
1.218,0.108,0.936,0.318,0.994
1.219,0.107,0.936,0.316,0.993
1.219,0.106,0.935,0.314,0.992
1.221,0.104,0.934,0.309,0.990
1.222,0.103,0.935,0.304,0.988
1.224,0.101,0.935,0.301,0.987
1.226,0.098,0.933,0.299,0.984
1.229,0.098,0.932,0.296,0.983
1.232,0.096,0.932,0.295,0.982
1.233,0.095,0.931,0.295,0.981
1.237,0.093,0.930,0.295,0.980
1.238,0.094,0.929,0.296,0.979
1.240,0.096,0.929,0.296,0.980
1.242,0.096,0.929,0.295,0.980
1.245,0.096,0.930,0.293,0.980
1.248,0.096,0.932,0.290,0.981
1.250,0.100,0.935,0.289,0.984
1.252,0.103,0.939,0.288,0.987
1.255,0.105,0.941,0.289,0.989
1.257,0.109,0.944,0.288,0.993
1.259,0.112,0.949,0.286,0.997
1.262,0.117,0.951,0.287,1.001
1.265,0.122,0.957,0.288,1.007
1.268,0.127,0.964,0.290,1.015
1.269,0.134,0.969,0.295,1.022
1.271,0.139,0.974,0.299,1.029
1.274,0.143,0.978,0.301,1.033
1.277,0.145,0.979,0.302,1.035
1.279,0.145,0.978,0.302,1.034
1.282,0.144,0.981,0.302,1.037
1.284,0.142,0.983,0.301,1.037
1.286,0.140,0.981,0.298,1.035
1.289,0.137,0.981,0.297,1.034
1.291,0.133,0.980,0.294,1.032
1.293,0.129,0.977,0.291,1.028
1.296,0.125,0.975,0.290,1.025
1.302,0.122,0.975,0.289,1.024
1.302,0.119,0.974,0.288,1.022
1.304,0.115,0.973,0.288,1.021
1.306,0.113,0.972,0.288,1.020
1.308,0.112,0.971,0.287,1.019
1.310,0.110,0.972,0.286,1.019
1.313,0.109,0.972,0.285,1.019
1.325,0.110,0.972,0.284,1.019
1.326,0.110,0.973,0.282,1.019
1.326,0.111,0.974,0.279,1.019
1.326,0.112,0.973,0.280,1.019
1.326,0.112,0.974,0.282,1.020
1.327,0.110,0.974,0.282,1.020
1.329,0.108,0.974,0.280,1.019
1.332,0.107,0.974,0.283,1.019
1.334,0.106,0.974,0.287,1.020
1.337,0.105,0.974,0.290,1.022
1.339,0.107,0.975,0.296,1.025
1.341,0.109,0.977,0.304,1.029
1.344,0.113,0.978,0.313,1.033
1.348,0.119,0.979,0.319,1.037
1.349,0.125,0.981,0.325,1.041
1.351,0.130,0.983,0.329,1.045
1.353,0.134,0.986,0.332,1.049
1.356,0.140,0.990,0.338,1.056
1.358,0.147,0.994,0.343,1.062
1.361,0.151,0.997,0.348,1.066
1.365,0.155,0.999,0.351,1.070
1.366,0.157,0.998,0.353,1.071
1.368,0.156,0.997,0.353,1.069
1.370,0.155,0.996,0.351,1.067
1.373,0.155,0.994,0.350,1.065
1.377,0.153,0.992,0.347,1.062
1.377,0.152,0.990,0.343,1.059
1.382,0.151,0.990,0.341,1.057
1.382,0.147,0.989,0.338,1.056
1.385,0.143,0.988,0.334,1.053
1.387,0.139,0.985,0.328,1.048
1.390,0.137,0.984,0.322,1.045
1.392,0.134,0.984,0.319,1.043
1.395,0.132,0.982,0.317,1.040
1.400,0.130,0.978,0.317,1.037
1.401,0.128,0.976,0.315,1.033
1.402,0.125,0.974,0.314,1.031
1.405,0.123,0.973,0.314,1.029
1.407,0.121,0.969,0.313,1.025
1.409,0.119,0.964,0.311,1.020
1.411,0.117,0.961,0.309,1.016
1.416,0.112,0.958,0.309,1.012
1.417,0.106,0.954,0.308,1.008
1.420,0.103,0.951,0.308,1.005
1.421,0.102,0.948,0.310,1.002
1.424,0.100,0.944,0.310,0.999
1.426,0.098,0.942,0.312,0.997
1.428,0.095,0.939,0.311,0.994
1.432,0.090,0.937,0.308,0.990
1.434,0.086,0.936,0.310,0.990
1.436,0.083,0.935,0.310,0.989
1.438,0.079,0.933,0.310,0.986
1.440,0.076,0.931,0.311,0.985
1.443,0.076,0.931,0.309,0.984
1.446,0.076,0.931,0.307,0.983
1.458,0.075,0.930,0.307,0.982
1.458,0.074,0.928,0.307,0.980
1.458,0.075,0.928,0.307,0.980
1.459,0.078,0.929,0.307,0.981
1.459,0.083,0.932,0.307,0.985
1.462,0.088,0.935,0.304,0.987
1.463,0.091,0.937,0.302,0.988
1.470,0.094,0.939,0.302,0.991
1.470,0.096,0.942,0.301,0.994
1.470,0.098,0.943,0.299,0.995
1.472,0.103,0.944,0.297,0.995
1.474,0.105,0.944,0.293,0.994
1.477,0.105,0.944,0.289,0.993
1.479,0.105,0.943,0.284,0.990
1.482,0.106,0.941,0.277,0.986
1.484,0.104,0.939,0.273,0.983
1.486,0.100,0.937,0.271,0.980
1.488,0.096,0.937,0.268,0.979
1.491,0.093,0.937,0.265,0.978
1.494,0.089,0.934,0.264,0.975
1.496,0.086,0.932,0.263,0.972
1.498,0.084,0.931,0.263,0.972
1.501,0.083,0.931,0.266,0.972
1.503,0.084,0.930,0.272,0.973
1.506,0.085,0.930,0.273,0.973
1.508,0.084,0.931,0.274,0.974
1.510,0.083,0.932,0.278,0.976
1.512,0.083,0.933,0.283,0.978
1.516,0.084,0.934,0.289,0.981
1.518,0.085,0.936,0.296,0.986
1.520,0.087,0.939,0.300,0.989
1.522,0.090,0.941,0.302,0.992
1.525,0.093,0.943,0.303,0.995
1.527,0.097,0.945,0.305,0.998
1.530,0.102,0.947,0.310,1.002
1.532,0.105,0.949,0.317,1.006
1.535,0.106,0.951,0.322,1.010
1.537,0.109,0.953,0.325,1.013
1.539,0.112,0.955,0.325,1.015
1.542,0.115,0.956,0.323,1.016
1.544,0.116,0.957,0.322,1.016
1.546,0.117,0.957,0.317,1.015
1.550,0.118,0.959,0.312,1.015
1.551,0.117,0.960,0.308,1.015
1.554,0.118,0.962,0.303,1.016
1.556,0.120,0.965,0.299,1.017
1.559,0.120,0.967,0.294,1.018
1.561,0.119,0.967,0.289,1.016
1.563,0.119,0.966,0.286,1.015
1.566,0.117,0.966,0.283,1.014
1.569,0.115,0.966,0.282,1.013
1.571,0.114,0.967,0.280,1.013
1.573,0.114,0.967,0.279,1.013
1.576,0.113,0.966,0.278,1.011
1.578,0.111,0.965,0.276,1.010
1.584,0.107,0.964,0.274,1.008
1.585,0.104,0.964,0.275,1.008
1.586,0.101,0.963,0.276,1.007
1.588,0.096,0.962,0.277,1.006
1.590,0.091,0.961,0.278,1.005
1.592,0.090,0.960,0.278,1.004
1.595,0.089,0.958,0.278,1.002
1.599,0.087,0.956,0.279,1.000
1.602,0.084,0.956,0.280,1.000
1.603,0.082,0.956,0.282,1.000
1.604,0.080,0.956,0.280,0.999
1.607,0.080,0.955,0.278,0.998
1.609,0.081,0.957,0.277,1.000
1.611,0.080,0.958,0.278,1.001
1.620,0.080,0.957,0.277,1.000
1.621,0.080,0.957,0.277,1.000
1.621,0.079,0.958,0.279,1.001
1.621,0.081,0.960,0.279,1.003
1.624,0.084,0.962,0.279,1.005
1.626,0.086,0.965,0.281,1.009
1.628,0.090,0.969,0.283,1.013
1.633,0.096,0.973,0.284,1.018
1.634,0.101,0.977,0.285,1.023
1.635,0.106,0.979,0.287,1.026
1.638,0.109,0.982,0.289,1.029
1.640,0.108,0.983,0.289,1.030
1.643,0.107,0.981,0.289,1.029
1.645,0.106,0.981,0.290,1.029
1.650,0.103,0.981,0.291,1.028
1.650,0.100,0.980,0.293,1.027
1.653,0.100,0.978,0.292,1.025
1.656,0.100,0.976,0.287,1.022
1.657,0.097,0.972,0.282,1.017
1.659,0.094,0.968,0.277,1.012
1.662,0.091,0.965,0.271,1.006
1.667,0.086,0.960,0.265,1.000
1.667,0.082,0.956,0.260,0.994
1.670,0.077,0.954,0.255,0.991
1.672,0.073,0.952,0.251,0.987
1.675,0.072,0.951,0.254,0.987
1.677,0.074,0.953,0.262,0.991
1.679,0.073,0.950,0.258,0.987
1.683,0.067,0.944,0.252,0.980
1.684,0.062,0.942,0.252,0.978
1.686,0.059,0.943,0.251,0.977
1.699,0.054,0.941,0.254,0.977
1.699,0.050,0.939,0.259,0.975
1.699,0.049,0.938,0.265,0.975
1.699,0.049,0.936,0.271,0.976
1.699,0.054,0.937,0.282,0.980
1.704,0.059,0.937,0.293,0.983
1.705,0.063,0.936,0.301,0.985
1.706,0.066,0.935,0.308,0.987
1.710,0.070,0.935,0.315,0.989
1.713,0.072,0.936,0.322,0.993
1.713,0.073,0.940,0.331,0.999
1.719,0.075,0.941,0.340,1.003
1.719,0.077,0.941,0.348,1.006
1.720,0.080,0.941,0.353,1.008
1.722,0.083,0.942,0.358,1.011
1.725,0.085,0.942,0.361,1.012
1.729,0.089,0.942,0.364,1.014
1.729,0.092,0.943,0.368,1.017
1.732,0.095,0.944,0.373,1.019
1.740,0.096,0.944,0.375,1.021
1.741,0.097,0.945,0.374,1.021
1.741,0.098,0.946,0.369,1.020
1.742,0.100,0.947,0.364,1.020
1.745,0.101,0.948,0.357,1.018
1.748,0.101,0.950,0.350,1.017
1.750,0.101,0.952,0.343,1.017
1.752,0.101,0.954,0.334,1.016
1.755,0.101,0.955,0.325,1.014
1.757,0.099,0.955,0.315,1.011
1.758,0.099,0.956,0.302,1.008
1.761,0.101,0.959,0.289,1.006
1.763,0.102,0.961,0.278,1.005
1.767,0.102,0.962,0.267,1.004
1.769,0.103,0.965,0.255,1.003
1.771,0.105,0.968,0.243,1.004
1.773,0.109,0.970,0.233,1.004
1.775,0.113,0.971,0.223,1.003
1.777,0.117,0.973,0.217,1.003
1.780,0.118,0.974,0.212,1.004
1.783,0.119,0.975,0.208,1.004
1.785,0.122,0.976,0.207,1.005
1.788,0.125,0.977,0.209,1.007
1.790,0.127,0.979,0.210,1.009
1.793,0.128,0.980,0.211,1.011
1.794,0.129,0.981,0.214,1.013
1.798,0.128,0.983,0.216,1.015
1.803,0.128,0.985,0.220,1.017
1.803,0.129,0.984,0.228,1.018
1.804,0.128,0.983,0.238,1.019
1.807,0.129,0.982,0.246,1.020
1.810,0.132,0.981,0.251,1.021
1.812,0.133,0.980,0.256,1.022
1.815,0.134,0.978,0.262,1.021
1.816,0.135,0.977,0.264,1.021
1.821,0.136,0.976,0.266,1.021
1.821,0.135,0.975,0.268,1.020
1.824,0.132,0.973,0.269,1.018
1.826,0.130,0.972,0.267,1.016
1.828,0.127,0.970,0.267,1.014
1.831,0.125,0.966,0.266,1.010
1.833,0.123,0.963,0.263,1.006
1.835,0.119,0.961,0.262,1.003
1.838,0.116,0.957,0.259,0.999
1.840,0.110,0.954,0.256,0.994
1.843,0.104,0.951,0.255,0.990
1.845,0.099,0.946,0.254,0.985
1.848,0.096,0.942,0.253,0.980
1.851,0.093,0.940,0.256,0.978
1.852,0.090,0.938,0.256,0.977
1.855,0.086,0.936,0.257,0.975
1.857,0.085,0.935,0.262,0.975
1.860,0.084,0.935,0.265,0.975
1.862,0.081,0.934,0.267,0.975
1.865,0.079,0.933,0.272,0.975
1.868,0.078,0.931,0.277,0.975
1.870,0.079,0.928,0.280,0.973
1.872,0.081,0.927,0.282,0.972
1.875,0.085,0.927,0.284,0.973
1.876,0.089,0.927,0.286,0.974
1.879,0.092,0.928,0.287,0.976
1.883,0.094,0.932,0.289,0.980
1.884,0.096,0.936,0.287,0.984
1.886,0.099,0.938,0.284,0.985
1.889,0.101,0.939,0.279,0.985
1.891,0.102,0.942,0.274,0.986
1.894,0.104,0.943,0.269,0.986
1.896,0.104,0.942,0.264,0.984
1.906,0.103,0.942,0.260,0.983
1.906,0.102,0.945,0.257,0.985
1.906,0.102,0.948,0.255,0.987
1.906,0.100,0.949,0.255,0.988
1.909,0.096,0.949,0.254,0.987
1.910,0.094,0.949,0.255,0.987
1.913,0.093,0.949,0.256,0.988
1.915,0.091,0.949,0.258,0.988
1.918,0.091,0.948,0.261,0.987
1.921,0.090,0.946,0.265,0.987
1.925,0.088,0.945,0.269,0.987
1.926,0.087,0.943,0.276,0.986
1.927,0.086,0.942,0.280,0.986
1.932,0.085,0.942,0.283,0.987
1.938,0.084,0.941,0.288,0.988
1.938,0.083,0.941,0.293,0.989
1.938,0.083,0.942,0.300,0.992
1.939,0.082,0.941,0.304,0.992
1.942,0.082,0.940,0.307,0.992
1.944,0.082,0.940,0.311,0.993
1.947,0.085,0.942,0.313,0.997
1.949,0.086,0.944,0.316,0.999
1.952,0.086,0.945,0.316,1.000
1.954,0.087,0.945,0.314,0.999
1.957,0.090,0.945,0.313,0.999
1.959,0.092,0.947,0.311,1.001
1.961,0.093,0.951,0.309,1.004
1.964,0.094,0.955,0.308,1.008
1.966,0.096,0.959,0.307,1.011
1.968,0.098,0.963,0.305,1.015
1.971,0.099,0.967,0.307,1.019
1.973,0.101,0.968,0.308,1.021
1.977,0.103,0.971,0.309,1.024
1.978,0.106,0.974,0.310,1.027
1.980,0.110,0.976,0.313,1.031
1.983,0.113,0.979,0.318,1.035
1.985,0.114,0.980,0.322,1.038
1.988,0.117,0.982,0.324,1.040
1.990,0.117,0.983,0.325,1.041
1.992,0.117,0.983,0.326,1.042
1.995,0.113,0.984,0.328,1.043
1.997,0.108,0.985,0.330,1.044
1.999,0.106,0.985,0.334,1.046
2.002,0.103,0.984,0.339,1.046
2.004,0.099,0.982,0.339,1.043
2.006,0.095,0.979,0.335,1.039
2.009,0.090,0.975,0.331,1.034
2.012,0.086,0.971,0.329,1.028
2.016,0.083,0.967,0.327,1.024
2.016,0.079,0.965,0.322,1.021
2.019,0.074,0.964,0.315,1.016
2.022,0.070,0.961,0.307,1.011
2.024,0.068,0.962,0.301,1.010
2.026,0.066,0.963,0.297,1.010
2.028,0.066,0.964,0.294,1.009
2.032,0.069,0.964,0.291,1.010
2.033,0.071,0.967,0.291,1.012
2.036,0.073,0.970,0.291,1.015
2.038,0.076,0.970,0.290,1.015
2.040,0.079,0.970,0.288,1.015
2.043,0.088,0.976,0.292,1.022
2.045,0.094,0.985,0.303,1.034
2.048,0.096,0.988,0.310,1.040
2.050,0.099,0.987,0.310,1.039
2.052,0.105,0.986,0.311,1.040
2.055,0.108,0.987,0.317,1.042
2.057,0.111,0.986,0.322,1.044
2.060,0.112,0.986,0.327,1.045
2.062,0.110,0.985,0.331,1.045
2.066,0.109,0.985,0.333,1.045
2.067,0.107,0.984,0.333,1.044
2.069,0.108,0.980,0.334,1.041
2.072,0.110,0.979,0.338,1.041
2.075,0.107,0.975,0.336,1.037
2.076,0.104,0.972,0.333,1.033
2.079,0.104,0.972,0.333,1.032
2.082,0.103,0.972,0.328,1.031
2.084,0.101,0.971,0.322,1.028
2.086,0.103,0.972,0.316,1.028
2.088,0.106,0.973,0.310,1.027
2.091,0.108,0.974,0.304,1.026
2.093,0.112,0.976,0.297,1.026
2.096,0.116,0.976,0.292,1.026
2.100,0.116,0.976,0.285,1.023
2.101,0.116,0.975,0.278,1.021
2.103,0.116,0.974,0.274,1.018
2.106,0.116,0.972,0.271,1.016
2.108,0.115,0.972,0.268,1.015
2.110,0.113,0.971,0.264,1.012
2.113,0.110,0.968,0.262,1.009
2.117,0.107,0.966,0.260,1.007
2.118,0.104,0.965,0.258,1.004
2.123,0.101,0.962,0.259,1.002
2.124,0.097,0.960,0.262,0.999
2.125,0.092,0.958,0.266,0.998
2.127,0.086,0.955,0.270,0.996
2.129,0.083,0.952,0.276,0.995
2.132,0.081,0.951,0.283,0.996
2.135,0.081,0.950,0.287,0.996
2.137,0.081,0.949,0.290,0.996
2.139,0.082,0.947,0.295,0.996
2.142,0.082,0.945,0.297,0.994
2.144,0.084,0.947,0.300,0.997
2.146,0.088,0.949,0.303,1.000
2.149,0.093,0.951,0.304,1.003
2.152,0.096,0.953,0.304,1.005
2.155,0.098,0.953,0.303,1.005
2.156,0.101,0.954,0.299,1.005
2.158,0.104,0.956,0.296,1.006
2.162,0.106,0.954,0.295,1.005
2.163,0.108,0.954,0.294,1.004
2.166,0.108,0.955,0.291,1.004
2.168,0.109,0.954,0.289,1.003
2.179,0.108,0.952,0.286,1.000
2.179,0.105,0.950,0.283,0.997
2.179,0.101,0.947,0.283,0.994
2.180,0.097,0.944,0.281,0.990
2.180,0.092,0.940,0.282,0.986
2.186,0.087,0.936,0.281,0.981
2.186,0.081,0.932,0.279,0.977
2.188,0.076,0.929,0.276,0.972
2.190,0.073,0.929,0.273,0.971
2.192,0.074,0.931,0.271,0.972
2.195,0.075,0.932,0.270,0.974
2.199,0.077,0.934,0.266,0.974
2.200,0.080,0.933,0.259,0.971
2.202,0.083,0.933,0.248,0.969
2.204,0.087,0.933,0.236,0.966
2.207,0.091,0.935,0.224,0.966
2.209,0.096,0.938,0.212,0.966
2.211,0.099,0.942,0.201,0.968
2.214,0.101,0.945,0.193,0.970
2.217,0.106,0.948,0.184,0.971
2.219,0.112,0.952,0.175,0.974
2.221,0.115,0.956,0.167,0.977
2.224,0.116,0.957,0.162,0.978
2.226,0.117,0.959,0.159,0.979
2.228,0.119,0.962,0.158,0.982
2.232,0.121,0.966,0.154,0.985
2.234,0.123,0.967,0.148,0.986
2.236,0.125,0.963,0.139,0.980
2.238,0.126,0.957,0.125,0.974
2.241,0.126,0.952,0.107,0.966
2.243,0.127,0.946,0.091,0.959
2.245,0.129,0.942,0.078,0.954
2.248,0.135,0.940,0.066,0.952
2.251,0.147,0.941,0.059,0.954
2.253,0.162,0.946,0.056,0.961
2.255,0.180,0.954,0.047,0.972
2.258,0.198,0.967,0.038,0.988
2.260,0.219,0.983,0.034,1.007
2.262,0.236,0.997,0.026,1.025
2.265,0.245,1.007,0.018,1.036
2.267,0.248,1.011,0.010,1.041
2.269,0.248,1.009,0.003,1.040
2.272,0.246,1.002,-0.005,1.031
2.274,0.243,0.988,-0.013,1.018
2.276,0.241,0.971,-0.019,1.000
2.279,0.238,0.949,-0.024,0.979
2.282,0.232,0.926,-0.031,0.955
2.284,0.226,0.910,-0.042,0.938
2.286,0.219,0.903,-0.071,0.932
2.289,0.214,0.905,-0.120,0.937
2.291,0.217,0.911,-0.177,0.953
2.294,0.227,0.919,-0.238,0.976
2.296,0.245,0.929,-0.307,1.009
2.302,0.270,0.940,-0.391,1.053
2.302,0.299,0.953,-0.490,1.113
2.304,0.332,0.968,-0.604,1.188
2.306,0.363,0.981,-0.729,1.275
2.308,0.385,0.989,-0.862,1.368
2.311,0.404,0.991,-1.007,1.469
2.313,0.424,0.991,-1.163,1.585
2.316,0.439,0.985,-1.316,1.702
2.318,0.440,0.972,-1.461,1.809
2.320,0.431,0.949,-1.600,1.910
2.323,0.420,0.909,-1.748,2.015
2.325,0.407,0.860,-1.905,2.130
2.327,0.387,0.812,-2.064,2.251
2.330,0.364,0.760,-2.220,2.375
2.332,0.337,0.701,-2.366,2.491
2.335,0.305,0.635,-2.495,2.592
2.337,0.264,0.563,-2.613,2.686
2.339,0.219,0.489,-2.727,2.779
2.342,0.182,0.421,-2.837,2.874
2.344,0.159,0.360,-2.946,2.972
2.347,0.153,0.314,-3.047,3.067
2.349,0.166,0.276,-3.128,3.144
2.351,0.193,0.240,-3.189,3.203
2.354,0.236,0.198,-3.237,3.252
2.356,0.289,0.146,-3.272,3.288
2.359,0.348,0.089,-3.292,3.312
2.361,0.411,0.038,-3.279,3.305
2.363,0.470,-0.010,-3.179,3.214
2.366,0.536,-0.071,-3.011,3.060
2.368,0.609,-0.160,-2.845,2.914
2.371,0.674,-0.282,-2.718,2.815
2.374,0.739,-0.429,-2.613,2.749
2.376,0.803,-0.585,-2.470,2.662
2.378,0.859,-0.726,-2.276,2.538
2.380,0.903,-0.846,-2.044,2.389
2.385,0.931,-0.952,-1.774,2.218
2.385,0.940,-1.064,-1.466,2.041
2.388,0.947,-1.196,-1.137,1.902
2.390,0.936,-1.358,-0.790,1.828
2.392,0.894,-1.548,-0.381,1.828
2.395,0.843,-1.750,0.122,1.947
2.398,0.789,-1.935,0.698,2.203
2.401,0.729,-2.081,1.321,2.571
2.402,0.659,-2.192,1.978,3.025
2.405,0.588,-2.273,2.661,3.549
2.407,0.537,-2.325,3.349,4.112
2.409,0.509,-2.345,4.008,4.671
2.421,0.517,-2.314,4.630,5.202
2.421,0.603,-2.190,5.177,5.653
2.422,0.667,-2.086,5.589,6.003
2.422,0.658,-2.075,5.944,6.330
2.422,0.674,-2.064,6.408,6.766
2.425,0.669,-2.038,6.993,7.314
2.426,0.604,-1.999,7.547,7.830
2.429,0.520,-1.933,7.896,8.146
2.433,0.427,-1.852,7.999,8.221
2.434,0.337,-1.763,7.999,8.198
2.436,0.258,-1.651,7.999,8.171
2.438,0.173,-1.504,7.910,8.054
2.441,0.063,-1.323,7.569,7.684
2.443,-0.062,-1.121,7.040,7.129
2.446,-0.167,-0.924,6.470,6.538
2.449,-0.228,-0.749,5.893,5.944
2.451,-0.236,-0.598,5.339,5.377
2.453,-0.205,-0.462,4.813,4.840
2.456,-0.155,-0.330,4.319,4.334
2.459,-0.097,-0.192,3.846,3.852
2.460,-0.038,-0.033,3.391,3.392
2.462,0.020,0.145,2.968,2.972
2.466,0.083,0.337,2.588,2.611
2.468,0.152,0.533,2.259,2.326
2.470,0.235,0.720,1.979,2.119
2.472,0.358,0.870,1.750,1.987
2.476,0.487,0.990,1.581,1.928
2.477,0.545,1.121,1.437,1.903
2.479,0.553,1.268,1.253,1.866
2.483,0.564,1.409,1.027,1.833
2.485,0.579,1.531,0.818,1.830
2.487,0.592,1.638,0.657,1.861
2.489,0.607,1.725,0.520,1.901
2.492,0.623,1.785,0.378,1.928
2.494,0.633,1.817,0.239,1.939
2.496,0.634,1.825,0.134,1.937
2.502,0.620,1.816,0.066,1.920
2.502,0.595,1.791,0.023,1.888
2.505,0.560,1.748,0.000,1.836
2.507,0.512,1.694,-0.003,1.769
2.508,0.460,1.636,0.012,1.700
2.511,0.409,1.574,0.035,1.627
2.514,0.360,1.509,0.060,1.552
2.520,0.314,1.440,0.084,1.476
2.521,0.271,1.367,0.098,1.397
2.521,0.233,1.294,0.104,1.319
2.523,0.202,1.225,0.100,1.245
2.526,0.174,1.159,0.089,1.176
2.527,0.150,1.099,0.081,1.112
2.530,0.124,1.044,0.077,1.054
2.534,0.101,0.990,0.080,0.999
2.535,0.081,0.940,0.089,0.948
2.537,0.066,0.893,0.100,0.901
2.539,0.055,0.853,0.114,0.862
2.542,0.048,0.821,0.136,0.833
2.544,0.045,0.795,0.165,0.813
2.547,0.047,0.773,0.198,0.799
2.551,0.055,0.751,0.226,0.786
2.552,0.075,0.728,0.247,0.773
2.554,0.102,0.705,0.260,0.758
2.557,0.132,0.680,0.267,0.742
2.559,0.159,0.656,0.273,0.728
2.561,0.173,0.638,0.283,0.720
2.564,0.179,0.624,0.299,0.715
2.567,0.178,0.617,0.323,0.719
2.569,0.174,0.615,0.353,0.730
2.571,0.168,0.610,0.391,0.744
2.574,0.160,0.605,0.437,0.763
2.576,0.150,0.597,0.483,0.782
2.578,0.139,0.585,0.530,0.801
2.580,0.126,0.569,0.579,0.821
2.584,0.111,0.551,0.626,0.841
2.585,0.091,0.533,0.672,0.862
2.588,0.068,0.515,0.716,0.885
2.590,0.047,0.503,0.758,0.911
2.593,0.029,0.494,0.801,0.942
2.595,0.011,0.485,0.844,0.973
2.597,-0.003,0.478,0.884,1.005
2.612,-0.012,0.473,0.920,1.034
2.613,-0.015,0.467,0.947,1.056
2.613,-0.014,0.460,0.962,1.066
2.613,-0.007,0.455,0.964,1.066
2.614,0.002,0.453,0.956,1.058
2.614,0.013,0.458,0.943,1.048
2.617,0.024,0.468,0.930,1.041
2.617,0.034,0.483,0.917,1.037
2.619,0.045,0.501,0.905,1.036
2.622,0.057,0.522,0.893,1.035
2.625,0.069,0.539,0.880,1.034
2.627,0.082,0.551,0.867,1.030
2.629,0.095,0.561,0.852,1.024
2.631,0.105,0.571,0.839,1.021
2.634,0.114,0.583,0.830,1.021
2.636,0.123,0.597,0.823,1.024
2.639,0.131,0.609,0.817,1.027
2.641,0.138,0.618,0.810,1.028
2.643,0.144,0.627,0.798,1.025
2.646,0.150,0.635,0.782,1.018
2.650,0.160,0.642,0.759,1.007
2.652,0.169,0.652,0.735,0.996
2.664,0.180,0.666,0.714,0.993
2.665,0.195,0.685,0.698,0.998
2.665,0.215,0.707,0.688,1.010
2.665,0.236,0.729,0.681,1.025
2.665,0.254,0.749,0.675,1.040
2.665,0.268,0.764,0.671,1.052
2.668,0.278,0.775,0.671,1.062
2.670,0.283,0.784,0.675,1.072
2.672,0.285,0.789,0.681,1.081
2.675,0.284,0.794,0.686,1.087
2.678,0.278,0.798,0.691,1.092
2.679,0.267,0.800,0.696,1.094
2.685,0.253,0.799,0.700,1.092
2.685,0.240,0.799,0.702,1.090
2.687,0.227,0.801,0.702,1.089
2.689,0.211,0.800,0.700,1.083
2.691,0.193,0.798,0.703,1.081
2.695,0.191,0.798,0.708,1.084
2.697,0.206,0.795,0.702,1.081
2.699,0.229,0.790,0.679,1.067
2.701,0.247,0.785,0.646,1.046
2.704,0.253,0.783,0.616,1.028
2.706,0.248,0.787,0.594,1.017
2.709,0.246,0.795,0.576,1.012
2.711,0.251,0.809,0.559,1.015
2.714,0.262,0.828,0.545,1.025
2.717,0.272,0.843,0.536,1.036
2.718,0.281,0.853,0.525,1.040
2.721,0.291,0.857,0.509,1.038
2.723,0.303,0.861,0.491,1.036
2.726,0.316,0.865,0.474,1.036
2.728,0.330,0.870,0.462,1.038
2.730,0.343,0.875,0.449,1.041
2.734,0.351,0.880,0.438,1.044
2.735,0.354,0.884,0.428,1.044
2.738,0.353,0.886,0.416,1.040
2.740,0.348,0.886,0.402,1.034
2.742,0.337,0.884,0.389,1.023
2.745,0.322,0.880,0.380,1.011
2.747,0.304,0.874,0.371,0.997
2.752,0.282,0.867,0.368,0.983
2.753,0.260,0.858,0.372,0.971
2.755,0.237,0.847,0.379,0.957
2.757,0.216,0.833,0.386,0.944
2.759,0.196,0.820,0.400,0.933
2.761,0.178,0.809,0.417,0.927
2.764,0.160,0.795,0.433,0.920
2.770,0.140,0.783,0.450,0.914
2.771,0.121,0.773,0.469,0.912
2.771,0.103,0.764,0.488,0.913
2.774,0.087,0.758,0.509,0.917
2.776,0.076,0.751,0.532,0.924
2.779,0.068,0.747,0.557,0.934
2.780,0.063,0.743,0.583,0.947
2.784,0.064,0.741,0.608,0.961
2.786,0.070,0.738,0.633,0.975
2.788,0.078,0.734,0.656,0.988
2.790,0.088,0.733,0.674,1.000
2.793,0.097,0.735,0.687,1.011
2.795,0.107,0.738,0.696,1.020
2.797,0.119,0.744,0.701,1.029
2.804,0.134,0.754,0.699,1.037
2.805,0.149,0.766,0.693,1.043
2.805,0.162,0.779,0.683,1.049
2.807,0.173,0.792,0.668,1.050
2.810,0.185,0.803,0.652,1.050
2.812,0.198,0.811,0.634,1.048
2.815,0.208,0.819,0.618,1.047
2.820,0.216,0.825,0.605,1.045
2.820,0.223,0.828,0.589,1.040
2.822,0.228,0.830,0.569,1.032
2.824,0.228,0.830,0.550,1.022
2.827,0.224,0.831,0.531,1.011
2.829,0.217,0.831,0.515,1.001
2.831,0.208,0.830,0.503,0.992
2.834,0.196,0.829,0.493,0.984
2.836,0.184,0.825,0.483,0.973
2.838,0.172,0.821,0.474,0.963
2.841,0.161,0.817,0.470,0.956
2.843,0.153,0.814,0.470,0.952
2.846,0.146,0.810,0.471,0.948
2.848,0.138,0.807,0.473,0.945
2.855,0.133,0.806,0.481,0.948
2.856,0.129,0.807,0.495,0.955
2.856,0.127,0.806,0.510,0.962
2.863,0.127,0.808,0.525,0.972
2.864,0.127,0.809,0.542,0.982
2.864,0.128,0.811,0.559,0.993
2.867,0.130,0.815,0.574,1.005
2.867,0.133,0.815,0.588,1.014
2.870,0.136,0.816,0.599,1.022
2.872,0.140,0.819,0.606,1.029
2.875,0.145,0.820,0.610,1.032
2.878,0.152,0.820,0.611,1.034
2.880,0.157,0.822,0.610,1.036
2.884,0.159,0.824,0.607,1.036
2.884,0.161,0.828,0.600,1.035
2.886,0.163,0.831,0.588,1.031
2.889,0.162,0.832,0.578,1.026
2.891,0.160,0.833,0.567,1.020
2.905,0.158,0.832,0.554,1.012
2.905,0.156,0.831,0.542,1.004
2.906,0.153,0.830,0.529,0.996
2.906,0.150,0.827,0.516,0.986
2.906,0.145,0.824,0.505,0.977
2.906,0.140,0.821,0.494,0.968
2.913,0.134,0.817,0.488,0.962
2.914,0.128,0.814,0.485,0.956
2.914,0.121,0.809,0.481,0.949
2.926,0.113,0.802,0.475,0.939
2.926,0.104,0.793,0.472,0.929
2.927,0.095,0.785,0.476,0.923
2.927,0.087,0.780,0.482,0.921
2.927,0.079,0.774,0.490,0.919
2.928,0.070,0.765,0.500,0.916
2.930,0.061,0.757,0.505,0.912
2.933,0.052,0.751,0.512,0.910
2.935,0.043,0.745,0.520,0.910
2.937,0.037,0.741,0.529,0.911
2.940,0.032,0.739,0.538,0.914
2.942,0.029,0.738,0.545,0.917
2.944,0.027,0.737,0.546,0.918
2.947,0.026,0.739,0.548,0.920
2.950,0.027,0.740,0.550,0.923
2.952,0.027,0.742,0.555,0.927
2.955,0.028,0.742,0.560,0.930
2.957,0.030,0.742,0.563,0.932
2.959,0.033,0.744,0.568,0.937
2.962,0.038,0.748,0.572,0.943
2.964,0.043,0.754,0.573,0.948
2.967,0.048,0.759,0.573,0.952
2.969,0.054,0.766,0.570,0.956
2.971,0.062,0.775,0.565,0.961
2.974,0.068,0.781,0.557,0.962
2.976,0.076,0.786,0.545,0.959
2.979,0.084,0.792,0.529,0.956
2.981,0.092,0.798,0.512,0.953
2.984,0.100,0.804,0.494,0.949
2.986,0.104,0.810,0.477,0.946
2.988,0.107,0.816,0.462,0.944
2.990,0.109,0.821,0.450,0.943
2.993,0.112,0.826,0.442,0.943
2.995,0.114,0.831,0.436,0.945
2.998,0.116,0.837,0.432,0.949
3.002,0.120,0.841,0.433,0.954
3.003,0.125,0.845,0.436,0.959
3.006,0.127,0.848,0.442,0.965
3.007,0.131,0.851,0.451,0.973
3.010,0.137,0.855,0.464,0.982
3.012,0.141,0.856,0.477,0.990
3.015,0.143,0.856,0.491,0.997
3.018,0.146,0.857,0.506,1.006
3.021,0.148,0.856,0.518,1.011
3.022,0.149,0.853,0.529,1.015
3.024,0.149,0.853,0.538,1.019
3.026,0.145,0.852,0.545,1.021
3.029,0.144,0.851,0.552,1.024
3.031,0.143,0.848,0.558,1.025
3.035,0.139,0.845,0.560,1.023
3.037,0.136,0.843,0.561,1.022
3.039,0.132,0.840,0.564,1.020
3.041,0.127,0.837,0.566,1.018
3.044,0.120,0.835,0.568,1.017
3.046,0.112,0.831,0.571,1.015
3.048,0.106,0.825,0.575,1.011
3.051,0.100,0.821,0.578,1.009
3.055,0.093,0.817,0.581,1.007
3.056,0.087,0.812,0.584,1.004
3.058,0.082,0.807,0.587,1.002
3.060,0.077,0.804,0.590,1.000
3.063,0.074,0.801,0.593,0.999
3.065,0.070,0.798,0.597,0.999
3.068,0.068,0.795,0.600,0.999
3.072,0.066,0.792,0.604,0.998
3.073,0.063,0.790,0.607,0.998
3.075,0.060,0.787,0.609,0.997
3.077,0.058,0.786,0.610,0.996
3.080,0.056,0.785,0.610,0.995
3.083,0.055,0.785,0.609,0.995
3.085,0.054,0.787,0.605,0.994
3.087,0.054,0.789,0.602,0.994
3.089,0.055,0.791,0.598,0.993
3.092,0.058,0.792,0.593,0.992
3.095,0.061,0.795,0.589,0.991
3.096,0.067,0.799,0.584,0.992
3.099,0.074,0.803,0.582,0.995
3.102,0.082,0.808,0.579,0.997
3.107,0.088,0.813,0.575,1.000
3.107,0.092,0.819,0.571,1.003
3.108,0.096,0.823,0.568,1.004
3.111,0.101,0.826,0.566,1.007
3.113,0.104,0.830,0.562,1.008
3.116,0.105,0.834,0.558,1.008
3.118,0.107,0.834,0.556,1.008
3.121,0.109,0.834,0.554,1.007
3.123,0.110,0.835,0.555,1.009
3.125,0.111,0.835,0.557,1.010
3.128,0.109,0.835,0.557,1.010
3.131,0.106,0.832,0.557,1.007
3.132,0.100,0.827,0.557,1.002
3.137,0.096,0.823,0.557,0.998
3.137,0.091,0.819,0.556,0.994
3.140,0.084,0.814,0.554,0.988
3.142,0.076,0.808,0.555,0.983
3.144,0.066,0.804,0.555,0.979
3.147,0.057,0.799,0.554,0.974
3.149,0.049,0.792,0.555,0.969
3.152,0.043,0.787,0.557,0.965
3.155,0.037,0.783,0.561,0.964
3.157,0.032,0.778,0.564,0.961
3.159,0.028,0.774,0.566,0.960
3.161,0.026,0.776,0.568,0.962
3.164,0.026,0.777,0.571,0.965
3.167,0.027,0.780,0.575,0.969
3.172,0.030,0.782,0.579,0.974
3.172,0.035,0.784,0.584,0.979
3.174,0.042,0.790,0.591,0.987
3.176,0.051,0.795,0.599,0.997
3.179,0.063,0.801,0.606,1.006
3.181,0.074,0.809,0.610,1.016
3.184,0.086,0.816,0.615,1.025
3.187,0.096,0.821,0.618,1.033
3.188,0.105,0.824,0.619,1.035
3.191,0.112,0.826,0.619,1.038
3.193,0.118,0.832,0.620,1.044
3.195,0.125,0.837,0.619,1.049
3.198,0.132,0.841,0.616,1.051
3.204,0.138,0.843,0.613,1.051
3.205,0.141,0.846,0.611,1.053
3.205,0.145,0.850,0.606,1.054
3.208,0.146,0.854,0.601,1.054
3.210,0.145,0.855,0.597,1.053
3.212,0.143,0.855,0.591,1.049
3.227,0.142,0.855,0.583,1.045
3.228,0.141,0.853,0.573,1.037
3.228,0.139,0.850,0.564,1.030
3.228,0.133,0.848,0.557,1.023
3.228,0.128,0.847,0.550,1.018
3.228,0.122,0.844,0.547,1.013
3.229,0.117,0.840,0.546,1.009
3.232,0.111,0.838,0.545,1.006
3.234,0.105,0.834,0.547,1.003
3.236,0.098,0.831,0.550,1.001
3.239,0.093,0.826,0.552,0.997
3.241,0.088,0.821,0.557,0.996
3.244,0.082,0.817,0.565,0.997
3.246,0.078,0.811,0.573,0.996
3.248,0.074,0.806,0.583,0.997
3.251,0.070,0.801,0.591,0.998
3.253,0.071,0.796,0.599,0.999
3.256,0.070,0.792,0.606,1.000
3.258,0.071,0.791,0.613,1.003
3.260,0.074,0.791,0.618,1.006
3.264,0.077,0.792,0.619,1.008
3.268,0.083,0.797,0.620,1.013
3.268,0.089,0.804,0.621,1.019
3.270,0.096,0.812,0.623,1.028
3.272,0.104,0.818,0.622,1.033
3.275,0.112,0.824,0.614,1.034
3.277,0.121,0.830,0.607,1.035
3.280,0.132,0.836,0.603,1.039
3.284,0.141,0.841,0.598,1.041
3.285,0.147,0.844,0.592,1.041
3.287,0.152,0.848,0.583,1.040
3.290,0.153,0.854,0.573,1.040
3.293,0.154,0.858,0.563,1.038
3.295,0.155,0.860,0.555,1.035
3.297,0.154,0.863,0.550,1.035
3.300,0.152,0.866,0.547,1.035
3.309,0.151,0.866,0.542,1.033
3.309,0.148,0.864,0.537,1.028
3.312,0.144,0.861,0.533,1.023
3.313,0.141,0.859,0.534,1.021
3.313,0.135,0.856,0.537,1.020
3.314,0.129,0.852,0.541,1.018
3.321,0.125,0.848,0.546,1.017
3.321,0.118,0.844,0.547,1.013
3.325,0.111,0.840,0.549,1.010
3.325,0.105,0.837,0.553,1.009
3.326,0.099,0.834,0.556,1.007
3.328,0.095,0.830,0.559,1.005
3.332,0.092,0.827,0.563,1.004
3.334,0.091,0.825,0.566,1.004
3.335,0.089,0.823,0.568,1.004
3.337,0.088,0.821,0.570,1.004
3.340,0.088,0.822,0.575,1.007
3.342,0.089,0.822,0.580,1.010
3.345,0.090,0.821,0.581,1.010
3.347,0.092,0.821,0.579,1.009
3.350,0.094,0.820,0.578,1.007
3.353,0.094,0.817,0.577,1.005
3.355,0.094,0.816,0.578,1.004
3.357,0.095,0.816,0.577,1.004
3.359,0.096,0.816,0.577,1.004
3.362,0.093,0.815,0.575,1.002
3.364,0.092,0.815,0.572,1.000
3.368,0.093,0.816,0.572,1.000
3.369,0.095,0.816,0.572,1.001
3.371,0.097,0.818,0.574,1.004
3.375,0.101,0.822,0.575,1.008
3.387,0.106,0.825,0.574,1.010
3.387,0.110,0.827,0.572,1.012
3.387,0.115,0.830,0.568,1.012
3.387,0.119,0.833,0.567,1.015
3.387,0.124,0.834,0.566,1.016
3.390,0.125,0.835,0.564,1.016
3.391,0.125,0.835,0.564,1.015
3.393,0.124,0.835,0.564,1.015
3.396,0.124,0.831,0.562,1.011
3.398,0.120,0.827,0.560,1.006
3.402,0.113,0.826,0.561,1.004
3.403,0.107,0.823,0.562,1.002
3.405,0.099,0.818,0.562,0.998
3.408,0.093,0.814,0.561,0.993
3.410,0.086,0.808,0.559,0.986
3.412,0.077,0.802,0.561,0.982
3.415,0.071,0.799,0.563,0.980
3.418,0.068,0.797,0.563,0.978
3.420,0.064,0.793,0.565,0.976
3.422,0.061,0.792,0.564,0.974
3.425,0.059,0.790,0.565,0.973
3.427,0.059,0.789,0.567,0.974
3.429,0.059,0.793,0.569,0.978
3.435,0.059,0.797,0.569,0.981
3.435,0.061,0.800,0.569,0.983
3.437,0.066,0.803,0.569,0.986
3.439,0.075,0.806,0.570,0.990
3.441,0.081,0.810,0.569,0.993
3.444,0.088,0.815,0.569,0.998
3.446,0.093,0.820,0.569,1.003
3.449,0.098,0.823,0.570,1.005
3.451,0.103,0.825,0.570,1.009
3.455,0.108,0.827,0.570,1.010
3.456,0.112,0.829,0.569,1.012
3.458,0.113,0.832,0.570,1.015
3.461,0.112,0.833,0.571,1.016
3.464,0.112,0.835,0.575,1.019
3.470,0.113,0.835,0.581,1.023
3.470,0.111,0.833,0.584,1.023
3.471,0.107,0.830,0.584,1.020
3.473,0.103,0.824,0.585,1.016
3.475,0.099,0.822,0.583,1.012
3.478,0.095,0.820,0.582,1.010
3.480,0.089,0.819,0.580,1.007
3.488,0.085,0.819,0.578,1.005
3.489,0.082,0.817,0.577,1.004
3.489,0.079,0.816,0.575,1.002
3.490,0.077,0.817,0.573,1.001
3.493,0.075,0.816,0.572,0.999
3.496,0.073,0.813,0.572,0.996
3.497,0.073,0.811,0.570,0.994
3.501,0.073,0.810,0.568,0.992
3.502,0.071,0.809,0.567,0.990
3.505,0.072,0.810,0.565,0.990
3.506,0.074,0.812,0.563,0.991
3.509,0.075,0.814,0.563,0.992
3.511,0.076,0.817,0.563,0.996
3.515,0.079,0.821,0.565,1.000
3.517,0.083,0.822,0.567,1.002
3.521,0.086,0.823,0.568,1.004
3.521,0.090,0.824,0.567,1.004
3.524,0.092,0.825,0.564,1.004
3.525,0.095,0.827,0.562,1.005
3.528,0.099,0.832,0.558,1.006
3.530,0.104,0.837,0.555,1.010
3.534,0.110,0.840,0.551,1.011
3.538,0.115,0.844,0.548,1.013
3.538,0.119,0.847,0.545,1.014
3.540,0.124,0.849,0.541,1.014
3.543,0.127,0.850,0.538,1.014
3.545,0.128,0.851,0.535,1.013
3.548,0.128,0.850,0.534,1.011
3.552,0.129,0.847,0.535,1.010
3.553,0.128,0.845,0.534,1.008
3.555,0.127,0.843,0.534,1.006
3.557,0.126,0.838,0.533,1.001
3.559,0.123,0.836,0.531,0.998
3.562,0.121,0.835,0.529,0.995
3.565,0.119,0.832,0.528,0.992
3.569,0.116,0.829,0.528,0.990
3.570,0.112,0.827,0.528,0.988
3.571,0.108,0.826,0.530,0.987
3.575,0.104,0.822,0.532,0.985
3.576,0.100,0.818,0.536,0.983
3.579,0.096,0.813,0.542,0.982
3.581,0.094,0.809,0.548,0.982
3.585,0.092,0.807,0.555,0.983
3.587,0.090,0.804,0.563,0.986
3.588,0.087,0.801,0.571,0.987
3.591,0.085,0.796,0.578,0.988
3.593,0.081,0.793,0.585,0.989
3.596,0.078,0.790,0.591,0.990
3.599,0.079,0.788,0.596,0.991
3.606,0.080,0.788,0.599,0.993
3.606,0.080,0.786,0.601,0.993
3.606,0.077,0.784,0.601,0.991
3.608,0.076,0.785,0.602,0.992
3.610,0.078,0.789,0.601,0.995
3.616,0.083,0.791,0.599,0.996
3.616,0.090,0.795,0.594,0.997
3.636,0.097,0.801,0.589,0.999
3.636,0.104,0.809,0.586,1.004
3.636,0.112,0.819,0.584,1.012
3.636,0.118,0.828,0.581,1.019
3.637,0.119,0.838,0.579,1.026
3.637,0.118,0.849,0.579,1.035
3.637,0.118,0.861,0.579,1.044
3.637,0.120,0.878,0.575,1.056
3.637,0.126,0.897,0.566,1.068
3.639,0.135,0.917,0.553,1.080
3.641,0.146,0.940,0.540,1.093
3.644,0.157,0.968,0.521,1.110
3.646,0.167,1.004,0.493,1.131
3.649,0.175,1.048,0.454,1.155
3.651,0.183,1.096,0.403,1.182
3.653,0.191,1.152,0.337,1.215
3.656,0.198,1.207,0.259,1.251
3.658,0.197,1.263,0.171,1.290
3.661,0.189,1.323,0.063,1.338
3.663,0.175,1.380,-0.072,1.393
3.665,0.170,1.441,-0.228,1.468
3.668,0.191,1.505,-0.414,1.572
3.672,0.226,1.564,-0.640,1.705
3.673,0.266,1.624,-0.886,1.869
3.676,0.305,1.685,-1.129,2.051
3.677,0.352,1.739,-1.386,2.252
3.680,0.404,1.785,-1.648,2.463
3.685,0.454,1.817,-1.883,2.656
3.686,0.514,1.829,-2.086,2.822
3.687,0.582,1.823,-2.236,2.943
3.690,0.633,1.823,-2.331,3.026
3.692,0.668,1.829,-2.423,3.108
3.695,0.714,1.817,-2.518,3.186
3.697,0.776,1.780,-2.585,3.234
3.699,0.836,1.717,-2.603,3.229
3.704,0.885,1.625,-2.577,3.173
3.705,0.936,1.513,-2.524,3.088
3.707,0.993,1.392,-2.434,2.974
3.709,1.048,1.269,-2.284,2.816
3.711,1.096,1.138,-2.076,2.609
3.714,1.131,1.001,-1.832,2.375
3.720,1.156,0.856,-1.575,2.133
3.721,1.178,0.689,-1.304,1.888
3.721,1.193,0.501,-1.008,1.640
3.723,1.202,0.290,-0.670,1.407
3.726,1.205,0.053,-0.292,1.241
3.728,1.167,-0.199,0.112,1.189
3.730,1.052,-0.460,0.573,1.283
3.735,0.872,-0.723,1.124,1.596
3.736,0.637,-0.975,1.739,2.093
3.738,0.403,-1.186,2.381,2.690
3.740,0.214,-1.364,3.001,3.304
3.743,0.086,-1.551,3.583,3.905
3.745,0.019,-1.741,4.154,4.504
3.747,-0.055,-1.919,4.717,5.093
3.751,-0.176,-2.079,5.246,5.646
3.753,-0.344,-2.193,5.722,6.137
3.755,-0.572,-2.247,6.151,6.573
3.757,-0.823,-2.237,6.520,6.942
3.760,-1.057,-2.173,6.777,7.195
3.762,-1.270,-2.083,6.866,7.286
3.764,-1.419,-1.975,6.749,7.174
3.768,-1.462,-1.842,6.417,6.834
3.769,-1.390,-1.680,5.907,6.296
3.772,-1.250,-1.494,5.291,5.638
3.774,-1.101,-1.304,4.609,4.915
3.776,-0.953,-1.111,3.874,4.142
3.779,-0.807,-0.905,3.137,3.363
3.781,-0.652,-0.684,2.441,2.617
3.787,-0.485,-0.449,1.788,1.906
3.787,-0.310,-0.203,1.183,1.239
3.788,-0.141,0.042,0.623,0.641
3.791,0.019,0.270,0.091,0.285
3.793,0.190,0.466,-0.412,0.650
3.796,0.366,0.631,-0.836,1.109
3.798,0.502,0.789,-1.158,1.489
3.803,0.594,0.954,-1.406,1.800
3.805,0.663,1.111,-1.584,2.045
3.805,0.701,1.244,-1.666,2.194
3.808,0.696,1.352,-1.641,2.238
3.810,0.658,1.428,-1.549,2.207
3.812,0.602,1.466,-1.424,2.131
3.815,0.541,1.470,-1.267,2.015
3.822,0.482,1.447,-1.071,1.864
3.823,0.431,1.406,-0.852,1.700
3.823,0.389,1.352,-0.635,1.544
3.828,0.357,1.296,-0.430,1.411
3.828,0.326,1.244,-0.231,1.307
3.830,0.293,1.193,-0.035,1.229
3.832,0.260,1.143,0.157,1.182
3.844,0.232,1.093,0.347,1.170
3.845,0.204,1.045,0.533,1.191
3.845,0.169,1.001,0.712,1.240
3.845,0.129,0.958,0.877,1.305
3.845,0.097,0.915,1.015,1.370
3.846,0.077,0.881,1.118,1.425
3.849,0.071,0.846,1.186,1.458
3.852,0.077,0.805,1.215,1.459
3.854,0.090,0.764,1.211,1.435
3.856,0.104,0.732,1.187,1.399
3.870,0.114,0.708,1.153,1.358
3.870,0.120,0.695,1.114,1.318
3.871,0.122,0.686,1.070,1.277
3.871,0.120,0.685,1.030,1.243
3.871,0.114,0.690,1.001,1.221
3.871,0.109,0.697,0.985,1.212
3.875,0.109,0.708,0.980,1.214
3.876,0.113,0.721,0.983,1.224
3.878,0.117,0.732,0.990,1.236
3.880,0.119,0.740,0.995,1.246
3.882,0.121,0.748,0.998,1.253
3.885,0.122,0.757,0.996,1.257
3.887,0.126,0.766,0.983,1.253
3.890,0.133,0.774,0.964,1.244
3.892,0.138,0.780,0.948,1.235
3.895,0.136,0.785,0.934,1.228
3.897,0.127,0.784,0.921,1.216
3.899,0.108,0.779,0.912,1.205
3.903,0.076,0.775,0.910,1.198
3.904,0.030,0.770,0.913,1.195
3.907,-0.014,0.760,0.925,1.197
3.909,-0.033,0.752,0.936,1.201
3.911,-0.027,0.747,0.929,1.192
3.914,-0.019,0.741,0.901,1.167
3.916,-0.028,0.739,0.869,1.141
3.919,-0.054,0.741,0.850,1.129
3.921,-0.076,0.750,0.843,1.131
3.924,-0.085,0.765,0.844,1.142
3.926,-0.086,0.782,0.851,1.160
3.928,-0.089,0.794,0.867,1.179
3.930,-0.094,0.792,0.888,1.193
3.933,-0.099,0.781,0.905,1.199
3.936,-0.102,0.768,0.916,1.199
3.938,-0.101,0.755,0.925,1.198
3.940,-0.098,0.745,0.931,1.197
3.943,-0.097,0.737,0.933,1.193
3.945,-0.099,0.728,0.931,1.186
3.947,-0.103,0.717,0.922,1.173
3.951,-0.106,0.703,0.907,1.152
3.952,-0.107,0.688,0.889,1.129
3.955,-0.104,0.675,0.871,1.106
3.957,-0.098,0.665,0.850,1.084
3.960,-0.093,0.655,0.825,1.058
3.962,-0.094,0.646,0.803,1.035
3.964,-0.099,0.636,0.788,1.017
3.968,-0.101,0.626,0.781,1.006
3.970,-0.100,0.618,0.784,1.003
3.972,-0.093,0.610,0.792,1.004
3.974,-0.086,0.606,0.801,1.008
3.977,-0.080,0.601,0.812,1.013
3.979,-0.073,0.599,0.821,1.018
3.982,-0.065,0.598,0.830,1.025
3.986,-0.056,0.595,0.840,1.031
3.988,-0.046,0.595,0.854,1.042
3.989,-0.038,0.595,0.867,1.052
3.991,-0.030,0.597,0.879,1.063
3.994,-0.016,0.604,0.893,1.078
3.996,0.006,0.613,0.901,1.090
3.999,0.031,0.624,0.898,1.094
4.002,0.053,0.635,0.886,1.091
4.003,0.068,0.644,0.876,1.089
4.006,0.081,0.652,0.872,1.092
4.008,0.095,0.664,0.870,1.098
4.011,0.111,0.680,0.865,1.106
4.013,0.128,0.696,0.857,1.112
4.015,0.146,0.711,0.846,1.115
4.030,0.166,0.724,0.825,1.110
4.030,0.187,0.733,0.795,1.098
4.031,0.207,0.740,0.756,1.078
4.039,0.224,0.748,0.713,1.057
4.040,0.236,0.754,0.669,1.035
4.040,0.246,0.760,0.622,1.013
4.040,0.252,0.767,0.578,0.992
4.041,0.256,0.773,0.538,0.976
4.041,0.260,0.781,0.503,0.965
4.041,0.262,0.788,0.475,0.957
4.053,0.265,0.794,0.453,0.952
4.053,0.266,0.798,0.433,0.946
4.054,0.263,0.797,0.419,0.938
4.054,0.259,0.792,0.414,0.931
4.054,0.255,0.785,0.418,0.925
4.054,0.250,0.774,0.428,0.920
4.056,0.247,0.764,0.442,0.917
4.059,0.245,0.756,0.460,0.918
4.061,0.241,0.747,0.482,0.922
4.063,0.237,0.738,0.507,0.926
4.066,0.234,0.728,0.532,0.932
4.068,0.232,0.718,0.558,0.939
4.070,0.230,0.709,0.585,0.948
4.073,0.227,0.700,0.611,0.956
4.076,0.223,0.691,0.634,0.964
4.078,0.216,0.682,0.656,0.970
4.080,0.209,0.671,0.673,0.973
4.085,0.200,0.659,0.688,0.973
4.086,0.190,0.649,0.701,0.974
4.089,0.179,0.639,0.708,0.971
4.090,0.167,0.628,0.712,0.964
4.092,0.156,0.619,0.714,0.958
4.095,0.142,0.611,0.711,0.948
4.097,0.128,0.605,0.705,0.937
4.109,0.116,0.602,0.694,0.926
4.110,0.105,0.601,0.678,0.912
4.110,0.099,0.604,0.656,0.897
4.110,0.100,0.608,0.627,0.879
4.110,0.104,0.613,0.595,0.860
4.113,0.107,0.616,0.564,0.842
4.114,0.110,0.618,0.537,0.826
4.120,0.111,0.621,0.516,0.815
4.121,0.108,0.624,0.505,0.810
4.121,0.102,0.624,0.504,0.809
4.124,0.093,0.624,0.511,0.812
4.126,0.081,0.621,0.521,0.815
4.128,0.067,0.619,0.537,0.822
4.131,0.056,0.615,0.558,0.832
4.134,0.044,0.609,0.586,0.846
4.136,0.031,0.604,0.619,0.866
4.138,0.021,0.600,0.656,0.890
4.140,0.011,0.597,0.696,0.917
4.143,0.004,0.595,0.732,0.944
4.145,0.001,0.594,0.769,0.972
4.147,0.001,0.594,0.806,1.001
4.152,0.002,0.596,0.844,1.033
4.153,0.004,0.600,0.883,1.067
4.155,0.005,0.603,0.917,1.097
4.157,0.007,0.609,0.942,1.122
4.160,0.009,0.614,0.965,1.144
4.162,0.009,0.617,0.985,1.162
4.164,0.006,0.622,0.999,1.177
4.169,0.004,0.628,1.006,1.186
4.170,-0.001,0.635,1.005,1.188
4.172,-0.004,0.645,0.994,1.185
4.175,-0.003,0.658,0.975,1.176
4.178,-0.000,0.671,0.950,1.163
4.179,0.005,0.686,0.919,1.146
4.182,0.014,0.700,0.884,1.127
4.187,0.024,0.713,0.846,1.107
4.187,0.034,0.728,0.809,1.089
4.189,0.045,0.741,0.773,1.072
4.191,0.055,0.755,0.740,1.058
4.194,0.065,0.767,0.711,1.048
4.196,0.073,0.780,0.686,1.042
4.198,0.079,0.794,0.666,1.039
4.202,0.086,0.805,0.646,1.036
4.203,0.093,0.814,0.630,1.034
4.205,0.101,0.821,0.615,1.031
4.208,0.110,0.825,0.602,1.027
4.210,0.116,0.827,0.592,1.024
4.213,0.120,0.828,0.586,1.022
4.215,0.123,0.830,0.583,1.021
4.222,0.123,0.830,0.584,1.022
4.227,0.123,0.828,0.591,1.025
4.227,0.123,0.827,0.601,1.029
4.227,0.121,0.823,0.612,1.033
4.228,0.119,0.819,0.625,1.037
4.230,0.117,0.814,0.641,1.043
4.232,0.114,0.807,0.660,1.049
4.236,0.109,0.800,0.680,1.056
4.238,0.104,0.795,0.698,1.063
4.240,0.099,0.791,0.717,1.072
4.242,0.094,0.788,0.734,1.081
4.245,0.090,0.786,0.746,1.088
4.247,0.087,0.784,0.754,1.091
4.249,0.084,0.781,0.760,1.092
4.252,0.084,0.779,0.761,1.092
4.257,0.087,0.777,0.760,1.090
4.257,0.092,0.774,0.756,1.086
4.259,0.096,0.773,0.749,1.081
4.261,0.100,0.771,0.743,1.075
4.264,0.103,0.768,0.739,1.070
4.266,0.105,0.766,0.732,1.065
4.268,0.107,0.764,0.727,1.059
4.270,0.111,0.762,0.721,1.055
4.274,0.113,0.761,0.717,1.052
4.276,0.114,0.760,0.713,1.049
4.278,0.117,0.759,0.709,1.045
4.280,0.119,0.756,0.708,1.042
4.282,0.119,0.751,0.712,1.042
4.285,0.118,0.748,0.718,1.044
4.288,0.118,0.744,0.723,1.044
4.290,0.118,0.740,0.727,1.044
4.292,0.118,0.735,0.732,1.044
4.295,0.117,0.729,0.738,1.044
4.297,0.114,0.724,0.745,1.045
4.300,0.111,0.717,0.753,1.045
4.303,0.105,0.706,0.761,1.044
4.304,0.096,0.696,0.767,1.040
4.307,0.088,0.686,0.773,1.037
4.309,0.078,0.673,0.781,1.034
4.313,0.066,0.661,0.789,1.031
4.314,0.053,0.651,0.799,1.032
4.328,0.038,0.643,0.813,1.037
4.329,0.024,0.637,0.827,1.044
4.329,0.011,0.631,0.836,1.048
4.329,0.001,0.628,0.843,1.051
4.329,-0.004,0.627,0.849,1.055
4.329,-0.007,0.627,0.854,1.059
4.331,-0.008,0.627,0.857,1.062
4.333,-0.004,0.631,0.857,1.064
4.336,0.003,0.637,0.854,1.065
4.339,0.012,0.643,0.847,1.064
4.351,0.023,0.653,0.839,1.063
4.351,0.034,0.664,0.828,1.062
4.351,0.046,0.674,0.815,1.058
4.351,0.059,0.686,0.799,1.055
4.352,0.072,0.697,0.783,1.051
4.355,0.086,0.707,0.769,1.048
4.355,0.098,0.715,0.757,1.046
4.358,0.109,0.721,0.746,1.043
4.360,0.116,0.725,0.735,1.039
4.362,0.121,0.727,0.727,1.035
4.364,0.126,0.729,0.720,1.032
4.368,0.128,0.732,0.715,1.031
4.369,0.128,0.734,0.710,1.030
4.372,0.126,0.735,0.705,1.026
4.374,0.124,0.737,0.701,1.025
4.377,0.120,0.737,0.699,1.023
4.379,0.117,0.734,0.700,1.021
4.382,0.115,0.733,0.701,1.021
4.386,0.109,0.728,0.697,1.014
4.387,0.104,0.722,0.694,1.007
4.390,0.099,0.718,0.695,1.004
4.391,0.095,0.712,0.701,1.004
4.394,0.088,0.707,0.707,1.004
4.396,0.082,0.702,0.713,1.004
4.398,0.075,0.700,0.719,1.006
4.402,0.067,0.697,0.724,1.007
4.403,0.062,0.696,0.727,1.009
4.406,0.059,0.697,0.728,1.009
4.409,0.058,0.697,0.724,1.007
4.410,0.059,0.699,0.717,1.003
4.413,0.060,0.703,0.706,0.998
4.415,0.062,0.708,0.692,0.991
4.421,0.066,0.714,0.680,0.988
4.421,0.071,0.722,0.669,0.987
4.423,0.076,0.728,0.657,0.984
4.425,0.083,0.733,0.648,0.982
4.427,0.087,0.737,0.639,0.979
4.430,0.091,0.739,0.631,0.975
4.432,0.095,0.739,0.627,0.973
4.439,0.096,0.739,0.624,0.972
4.439,0.096,0.739,0.622,0.970
4.440,0.094,0.739,0.623,0.971
4.442,0.093,0.738,0.626,0.972
4.445,0.093,0.737,0.631,0.975
4.447,0.093,0.736,0.633,0.976
4.449,0.095,0.736,0.637,0.978
4.452,0.097,0.735,0.645,0.982
4.455,0.097,0.734,0.652,0.986
4.457,0.095,0.733,0.657,0.989
4.459,0.091,0.728,0.667,0.991
4.462,0.085,0.722,0.676,0.992
4.464,0.075,0.715,0.685,0.993
4.466,0.067,0.708,0.696,0.995
4.469,0.059,0.702,0.707,0.998
4.471,0.052,0.696,0.717,1.000
4.473,0.045,0.692,0.726,1.003
4.476,0.038,0.689,0.732,1.006
4.478,0.035,0.685,0.737,1.007
4.481,0.032,0.680,0.740,1.006
4.483,0.030,0.677,0.739,1.003
4.487,0.026,0.674,0.735,0.997
4.488,0.023,0.671,0.729,0.991
4.492,0.018,0.670,0.724,0.987
4.493,0.014,0.671,0.719,0.984
4.495,0.014,0.677,0.717,0.986
4.497,0.017,0.684,0.715,0.989
4.500,0.020,0.687,0.713,0.991
4.504,0.024,0.690,0.713,0.992
4.505,0.031,0.694,0.712,0.995
4.507,0.037,0.698,0.712,0.998
4.509,0.044,0.702,0.710,1.000
4.511,0.054,0.706,0.709,1.002
4.515,0.062,0.712,0.706,1.005
4.517,0.071,0.719,0.701,1.006
4.525,0.080,0.724,0.697,1.008
4.525,0.089,0.728,0.692,1.009
4.525,0.097,0.732,0.684,1.007
4.529,0.102,0.734,0.679,1.005
4.532,0.103,0.735,0.678,1.005
4.532,0.101,0.732,0.679,1.004
4.534,0.098,0.729,0.683,1.004
4.548,0.091,0.725,0.687,1.003
4.548,0.085,0.717,0.689,0.999
4.548,0.078,0.712,0.692,0.996
4.548,0.068,0.707,0.699,0.996
4.549,0.058,0.703,0.707,0.999
4.549,0.048,0.697,0.714,0.999
4.551,0.038,0.691,0.720,0.999
4.555,0.026,0.685,0.727,0.999
4.555,0.014,0.679,0.734,1.000
4.558,0.005,0.677,0.741,1.004
4.560,-0.001,0.675,0.745,1.006
4.562,-0.003,0.675,0.744,1.005
4.565,-0.002,0.675,0.742,1.003
4.567,0.002,0.675,0.738,1.000
4.570,0.009,0.676,0.730,0.995
4.572,0.017,0.679,0.724,0.993
4.575,0.024,0.683,0.718,0.991
4.577,0.032,0.688,0.712,0.991
4.579,0.040,0.695,0.702,0.988
4.591,0.047,0.701,0.691,0.985
4.591,0.054,0.707,0.683,0.985
4.591,0.064,0.716,0.676,0.987
4.592,0.072,0.725,0.671,0.990
4.592,0.083,0.731,0.665,0.992
4.595,0.092,0.736,0.661,0.993
4.596,0.100,0.739,0.659,0.995
4.598,0.107,0.742,0.657,0.997
4.602,0.111,0.744,0.655,0.997
4.604,0.114,0.743,0.655,0.997
4.606,0.116,0.743,0.660,1.000
4.608,0.115,0.743,0.663,1.002
4.611,0.114,0.743,0.665,1.004
4.613,0.113,0.744,0.670,1.008
4.616,0.113,0.744,0.677,1.012
4.621,0.109,0.744,0.684,1.017
4.621,0.105,0.744,0.688,1.018
4.623,0.099,0.739,0.691,1.017
4.625,0.092,0.735,0.693,1.014
4.627,0.085,0.731,0.693,1.011
4.630,0.079,0.727,0.695,1.009
4.632,0.072,0.724,0.698,1.008
4.638,0.064,0.722,0.700,1.008
4.638,0.057,0.720,0.703,1.008
4.640,0.051,0.721,0.706,1.010
4.642,0.049,0.724,0.708,1.014
4.644,0.050,0.726,0.709,1.016
4.646,0.054,0.727,0.707,1.016
4.649,0.061,0.731,0.703,1.016
4.652,0.068,0.736,0.696,1.016
4.655,0.076,0.742,0.690,1.016
4.656,0.084,0.747,0.683,1.015
4.659,0.093,0.754,0.675,1.017
4.661,0.103,0.762,0.671,1.021
4.664,0.111,0.768,0.665,1.022
4.666,0.118,0.772,0.662,1.024
4.669,0.123,0.774,0.663,1.027
4.671,0.128,0.775,0.664,1.029
4.674,0.132,0.777,0.666,1.032
4.675,0.135,0.779,0.671,1.037
4.678,0.139,0.779,0.673,1.039
4.680,0.143,0.781,0.675,1.043
4.683,0.146,0.782,0.677,1.045
4.686,0.146,0.780,0.679,1.044
4.687,0.144,0.776,0.681,1.043
4.690,0.139,0.771,0.684,1.040
4.693,0.132,0.765,0.685,1.035
4.696,0.124,0.759,0.684,1.029
4.697,0.117,0.754,0.685,1.025
4.700,0.111,0.750,0.687,1.023
4.703,0.106,0.747,0.690,1.022
4.705,0.102,0.743,0.695,1.022
4.707,0.097,0.741,0.700,1.024
4.710,0.091,0.737,0.705,1.024
4.712,0.085,0.733,0.712,1.025
4.714,0.078,0.728,0.720,1.027
4.718,0.074,0.724,0.726,1.028
4.724,0.071,0.719,0.732,1.028
4.724,0.065,0.713,0.736,1.027
4.725,0.061,0.708,0.740,1.026
4.727,0.059,0.706,0.744,1.027
4.729,0.057,0.703,0.748,1.028
4.732,0.057,0.701,0.750,1.028
4.734,0.056,0.698,0.752,1.027
4.741,0.054,0.696,0.751,1.026
4.741,0.050,0.696,0.751,1.025
4.742,0.050,0.696,0.752,1.026
4.743,0.052,0.696,0.754,1.028
4.745,0.054,0.699,0.755,1.030
4.748,0.055,0.702,0.753,1.030
4.750,0.057,0.705,0.751,1.031
4.753,0.061,0.708,0.748,1.032
4.755,0.064,0.711,0.745,1.032
4.758,0.066,0.715,0.741,1.032
4.760,0.070,0.718,0.737,1.032
4.762,0.075,0.722,0.732,1.031
4.765,0.079,0.725,0.724,1.028
4.770,0.083,0.727,0.717,1.024
4.771,0.088,0.731,0.707,1.021
4.772,0.092,0.735,0.700,1.019
4.775,0.096,0.738,0.696,1.019
4.777,0.100,0.741,0.690,1.017
4.779,0.103,0.744,0.685,1.016
4.782,0.106,0.747,0.681,1.016
4.785,0.107,0.747,0.678,1.015
4.788,0.106,0.747,0.677,1.013
4.790,0.105,0.745,0.678,1.013
4.792,0.102,0.743,0.681,1.012
4.795,0.097,0.740,0.683,1.012
4.796,0.091,0.735,0.686,1.010
4.799,0.084,0.730,0.691,1.008
4.803,0.077,0.726,0.696,1.009
4.804,0.071,0.720,0.703,1.009
4.806,0.064,0.715,0.709,1.009
4.809,0.056,0.709,0.715,1.008
4.811,0.050,0.703,0.721,1.008
4.813,0.042,0.700,0.726,1.009
4.816,0.034,0.697,0.730,1.010
4.823,0.029,0.695,0.735,1.012
4.827,0.026,0.694,0.740,1.015
4.840,0.023,0.694,0.744,1.017
4.841,0.022,0.694,0.750,1.022
4.841,0.021,0.696,0.757,1.028
4.841,0.020,0.699,0.761,1.033
4.841,0.019,0.702,0.764,1.038
4.842,0.022,0.706,0.767,1.042
4.842,0.029,0.708,0.768,1.045
4.842,0.035,0.713,0.767,1.048
4.845,0.043,0.718,0.766,1.051
4.845,0.054,0.723,0.759,1.049
4.847,0.063,0.727,0.753,1.048
4.849,0.068,0.730,0.749,1.048
4.854,0.072,0.734,0.741,1.045
4.856,0.077,0.739,0.734,1.045
4.856,0.082,0.743,0.728,1.043
4.859,0.085,0.746,0.719,1.040
4.861,0.089,0.749,0.711,1.036
4.864,0.091,0.750,0.702,1.031
4.867,0.093,0.752,0.691,1.026
4.870,0.094,0.752,0.683,1.021
4.872,0.093,0.752,0.676,1.016
4.873,0.093,0.751,0.669,1.010
4.876,0.092,0.750,0.661,1.004
4.878,0.092,0.750,0.655,1.000
4.880,0.093,0.751,0.650,0.997
4.883,0.095,0.750,0.644,0.993
4.886,0.096,0.750,0.639,0.990
4.888,0.100,0.751,0.634,0.988
4.890,0.104,0.751,0.630,0.985
4.893,0.103,0.750,0.628,0.984
4.895,0.103,0.750,0.627,0.983
4.897,0.104,0.749,0.629,0.983
4.900,0.103,0.746,0.633,0.984
4.903,0.100,0.743,0.640,0.986
4.905,0.096,0.737,0.647,0.985
4.907,0.092,0.731,0.653,0.985
4.910,0.086,0.728,0.660,0.986
4.912,0.081,0.721,0.662,0.982
4.915,0.077,0.715,0.663,0.978
4.917,0.070,0.711,0.667,0.978
4.923,0.064,0.708,0.674,0.980
4.924,0.059,0.704,0.681,0.981
4.925,0.057,0.701,0.688,0.984
4.927,0.055,0.699,0.694,0.987
4.929,0.055,0.697,0.698,0.988
4.932,0.058,0.698,0.699,0.990
4.935,0.060,0.700,0.697,0.990
4.942,0.065,0.702,0.693,0.988
4.943,0.070,0.705,0.688,0.988
4.943,0.077,0.709,0.680,0.986
4.945,0.083,0.716,0.670,0.984
4.946,0.088,0.721,0.663,0.983
4.949,0.094,0.725,0.652,0.980
4.951,0.101,0.728,0.641,0.975
4.954,0.108,0.731,0.632,0.972
4.956,0.113,0.735,0.621,0.969
4.958,0.118,0.738,0.612,0.966
4.961,0.123,0.741,0.605,0.965
4.964,0.125,0.743,0.599,0.963
4.966,0.127,0.745,0.596,0.962
4.968,0.127,0.746,0.593,0.961
4.971,0.127,0.746,0.593,0.961
4.974,0.126,0.745,0.595,0.962
4.975,0.124,0.742,0.599,0.961
4.978,0.119,0.738,0.605,0.962
4.981,0.116,0.736,0.613,0.964
4.983,0.112,0.733,0.621,0.967
4.988,0.107,0.731,0.630,0.971
4.988,0.103,0.730,0.640,0.976
4.990,0.100,0.729,0.649,0.981
4.992,0.097,0.727,0.658,0.985
4.995,0.096,0.725,0.666,0.989
4.997,0.097,0.725,0.669,0.991
5.000,0.097,0.723,0.671,0.991
5.002,0.096,0.722,0.675,0.994
5.005,0.096,0.723,0.679,0.996
5.008,0.095,0.723,0.682,0.998
5.009,0.092,0.722,0.686,1.000
5.011,0.088,0.722,0.691,1.003
5.014,0.087,0.720,0.694,1.004
5.017,0.086,0.717,0.697,1.004
5.018,0.084,0.716,0.701,1.005
5.024,0.081,0.712,0.707,1.007
5.024,0.078,0.710,0.714,1.010
5.028,0.074,0.708,0.723,1.015
5.028,0.068,0.707,0.731,1.019
5.031,0.063,0.706,0.738,1.023
5.033,0.059,0.705,0.744,1.027
5.035,0.059,0.706,0.749,1.030
5.040,0.062,0.709,0.751,1.035
5.040,0.068,0.716,0.754,1.042
5.042,0.076,0.726,0.755,1.050
5.045,0.083,0.734,0.755,1.056
5.048,0.091,0.739,0.756,1.061
5.050,0.100,0.746,0.756,1.067
5.052,0.107,0.751,0.757,1.072
5.055,0.113,0.755,0.761,1.078
5.058,0.120,0.759,0.767,1.085
5.060,0.123,0.763,0.769,1.091
5.062,0.125,0.766,0.769,1.093
5.072,0.125,0.769,0.766,1.093
5.073,0.123,0.770,0.764,1.091
5.073,0.118,0.770,0.761,1.089
5.073,0.111,0.770,0.756,1.085
5.076,0.106,0.768,0.752,1.080
5.076,0.102,0.766,0.748,1.075
5.079,0.096,0.762,0.741,1.067
5.081,0.091,0.760,0.735,1.061
5.084,0.088,0.759,0.731,1.057
5.087,0.084,0.757,0.731,1.055
5.089,0.077,0.754,0.730,1.052
5.091,0.070,0.752,0.730,1.050
5.093,0.063,0.750,0.732,1.050
5.097,0.057,0.748,0.735,1.050
5.099,0.052,0.746,0.738,1.051
5.101,0.048,0.743,0.739,1.049
5.106,0.047,0.741,0.738,1.047
5.107,0.046,0.739,0.736,1.045
5.107,0.046,0.738,0.735,1.042
5.110,0.046,0.737,0.728,1.037
5.112,0.048,0.736,0.718,1.029
5.115,0.049,0.736,0.711,1.024
5.117,0.048,0.739,0.707,1.024
5.130,0.049,0.739,0.702,1.021
5.130,0.050,0.739,0.694,1.015
5.130,0.054,0.738,0.687,1.010
5.131,0.059,0.735,0.680,1.003
5.131,0.064,0.733,0.675,0.999
5.131,0.069,0.732,0.672,0.997
5.135,0.073,0.731,0.668,0.993
5.137,0.074,0.730,0.664,0.989
5.138,0.075,0.728,0.663,0.988
5.141,0.076,0.726,0.664,0.987
5.144,0.076,0.725,0.666,0.988
5.147,0.075,0.725,0.668,0.989
5.149,0.076,0.726,0.668,0.989
5.151,0.078,0.723,0.666,0.986
5.154,0.079,0.720,0.663,0.982
5.156,0.080,0.721,0.664,0.983
5.158,0.082,0.720,0.666,0.984
5.161,0.084,0.721,0.667,0.985
5.163,0.086,0.721,0.667,0.986
5.166,0.088,0.720,0.667,0.985
5.168,0.089,0.719,0.664,0.982
5.171,0.089,0.719,0.662,0.981
5.173,0.089,0.719,0.662,0.982
5.176,0.089,0.720,0.660,0.981
5.178,0.090,0.720,0.658,0.980
5.181,0.091,0.721,0.658,0.980
5.183,0.093,0.721,0.658,0.981
5.185,0.096,0.720,0.659,0.981
5.188,0.098,0.719,0.659,0.980
5.191,0.100,0.717,0.656,0.977
5.192,0.102,0.717,0.653,0.975
5.195,0.102,0.716,0.653,0.974
5.198,0.103,0.716,0.651,0.973
5.200,0.102,0.716,0.648,0.971
5.202,0.101,0.715,0.643,0.967
5.205,0.100,0.715,0.637,0.963
5.207,0.102,0.718,0.632,0.962
5.209,0.106,0.721,0.631,0.964
5.211,0.108,0.722,0.632,0.966
5.215,0.109,0.721,0.634,0.966
5.217,0.112,0.721,0.637,0.968
5.226,0.116,0.720,0.642,0.972
5.226,0.118,0.720,0.647,0.975
5.226,0.121,0.720,0.652,0.979
5.226,0.122,0.720,0.656,0.981
5.228,0.121,0.722,0.658,0.984
5.231,0.122,0.725,0.657,0.986
5.233,0.126,0.727,0.658,0.988
5.245,0.132,0.733,0.663,0.997
5.245,0.143,0.743,0.670,1.011
5.245,0.155,0.752,0.680,1.026
5.245,0.169,0.761,0.688,1.040
5.246,0.182,0.770,0.694,1.052
5.248,0.193,0.776,0.699,1.062
5.250,0.205,0.780,0.699,1.067
5.252,0.217,0.782,0.698,1.071
5.256,0.227,0.787,0.694,1.074
5.257,0.238,0.798,0.683,1.077
5.259,0.251,0.816,0.679,1.091
5.263,0.261,0.845,0.689,1.120
5.266,0.266,0.871,0.702,1.150
5.268,0.266,0.892,0.699,1.164
5.269,0.261,0.915,0.684,1.172
5.273,0.257,0.943,0.670,1.185
5.274,0.252,0.978,0.656,1.205
5.277,0.242,1.020,0.647,1.232
5.280,0.226,1.067,0.628,1.258
5.282,0.209,1.119,0.589,1.281
5.284,0.196,1.171,0.538,1.303
5.286,0.183,1.227,0.483,1.332
5.289,0.164,1.289,0.426,1.367
5.293,0.140,1.355,0.360,1.409
5.293,0.116,1.428,0.275,1.459
5.297,0.094,1.506,0.172,1.519
5.298,0.075,1.585,0.050,1.588
5.302,0.063,1.663,-0.093,1.667
5.306,0.074,1.736,-0.263,1.758
5.321,0.104,1.803,-0.481,1.869
5.321,0.143,1.865,-0.733,2.009
5.321,0.193,1.918,-0.999,2.171
5.322,0.256,1.966,-1.286,2.364
5.322,0.342,2.013,-1.593,2.590
5.323,0.452,2.053,-1.915,2.843
5.323,0.584,2.080,-2.232,3.106
5.324,0.755,2.078,-2.505,3.341
5.330,0.900,2.082,-2.729,3.549
5.331,0.972,2.120,-2.945,3.757
5.331,1.030,2.160,-3.159,3.963
5.331,1.105,2.176,-3.347,4.143
5.344,1.184,2.167,-3.479,4.266
5.345,1.248,2.135,-3.538,4.317
5.345,1.323,2.059,-3.547,4.310
5.345,1.428,1.927,-3.491,4.236
5.345,1.550,1.752,-3.350,4.085
5.347,1.671,1.548,-3.135,3.875
5.349,1.776,1.323,-2.839,3.601
5.352,1.861,1.085,-2.458,3.269
5.354,1.929,0.842,-2.019,2.917
5.356,1.977,0.594,-1.562,2.589
5.358,2.006,0.343,-1.097,2.312
5.361,2.029,0.086,-0.606,2.120
5.364,2.059,-0.176,-0.119,2.070
5.366,2.032,-0.444,0.316,2.103
5.368,1.897,-0.732,0.795,2.183
5.371,1.706,-1.032,1.425,2.451
5.373,1.487,-1.312,2.167,2.937
5.375,1.283,-1.578,2.970,3.599
5.378,1.156,-1.837,3.801,4.378
5.381,1.066,-2.102,4.624,5.190
5.383,0.936,-2.386,5.426,6.001
5.385,0.758,-2.649,6.199,6.783
5.389,0.510,-2.866,6.936,7.522
5.390,0.177,-3.018,7.591,8.171
5.392,-0.203,-3.095,7.943,8.527
5.395,-0.604,-3.114,7.999,8.605
5.398,-0.980,-3.105,7.999,8.636
5.400,-1.280,-3.079,7.999,8.666
5.402,-1.489,-3.043,7.999,8.686
5.406,-1.608,-2.980,7.850,8.549
5.408,-1.668,-2.869,7.314,8.032
5.409,-1.682,-2.707,6.481,7.222
5.412,-1.650,-2.510,5.561,6.321
5.415,-1.567,-2.285,4.621,5.388
5.417,-1.412,-2.037,3.735,4.483
5.424,-1.192,-1.778,2.963,3.655
5.425,-0.917,-1.513,2.277,2.884
5.425,-0.612,-1.245,1.622,2.134
5.426,-0.301,-0.973,0.984,1.416
5.429,0.001,-0.703,0.380,0.799
5.431,0.259,-0.426,-0.175,0.529
5.433,0.459,-0.140,-0.679,0.831
5.442,0.610,0.144,-1.135,1.296
5.443,0.720,0.423,-1.539,1.751
5.443,0.790,0.688,-1.889,2.160
5.443,0.832,0.930,-2.186,2.517
5.445,0.851,1.142,-2.427,2.814
5.448,0.848,1.315,-2.604,3.038
5.449,0.830,1.447,-2.726,3.196
5.452,0.819,1.544,-2.794,3.295
5.455,0.814,1.611,-2.794,3.326
5.457,0.799,1.655,-2.729,3.290
5.460,0.782,1.675,-2.604,3.193
5.461,0.761,1.672,-2.426,3.043
5.464,0.735,1.653,-2.206,2.853
5.466,0.709,1.620,-1.957,2.637
5.469,0.678,1.575,-1.682,2.403
5.471,0.647,1.520,-1.400,2.166
5.474,0.615,1.460,-1.121,1.941
5.476,0.580,1.399,-0.848,1.735
5.478,0.545,1.337,-0.578,1.555
5.481,0.503,1.278,-0.312,1.409
5.484,0.452,1.221,-0.057,1.303
5.487,0.399,1.163,0.186,1.244
5.489,0.347,1.106,0.411,1.230
5.490,0.301,1.054,0.616,1.258
5.493,0.262,1.007,0.797,1.311
5.495,0.230,0.964,0.950,1.372
5.499,0.201,0.923,1.077,1.433
5.500,0.171,0.889,1.184,1.491
5.504,0.128,0.863,1.268,1.539
5.505,0.094,0.839,1.332,1.578
5.508,0.091,0.813,1.385,1.608
5.510,0.109,0.786,1.420,1.627
5.512,0.121,0.761,1.439,1.632
5.515,0.115,0.748,1.445,1.631
5.517,0.094,0.745,1.444,1.628
5.521,0.069,0.749,1.436,1.621
5.522,0.049,0.756,1.422,1.611
5.525,0.035,0.759,1.400,1.592
5.527,0.021,0.756,1.372,1.567
5.529,0.002,0.747,1.344,1.537
5.532,-0.023,0.734,1.316,1.507
5.534,-0.052,0.718,1.287,1.475
5.537,-0.082,0.703,1.257,1.442
5.539,-0.117,0.688,1.232,1.416
5.541,-0.154,0.674,1.217,1.399
5.544,-0.189,0.661,1.209,1.391
5.550,-0.222,0.650,1.205,1.387
5.550,-0.252,0.639,1.203,1.386
5.551,-0.280,0.625,1.204,1.385
5.554,-0.304,0.612,1.205,1.385
5.557,-0.324,0.601,1.206,1.386
5.558,-0.340,0.592,1.208,1.387
5.560,-0.352,0.587,1.210,1.390
5.563,-0.363,0.583,1.211,1.392
5.565,-0.372,0.579,1.211,1.393
5.567,-0.376,0.579,1.211,1.394
5.570,-0.378,0.580,1.209,1.393
5.572,-0.375,0.583,1.207,1.392
5.575,-0.367,0.589,1.205,1.390
5.577,-0.357,0.593,1.205,1.390
5.580,-0.345,0.597,1.206,1.390
5.582,-0.331,0.602,1.204,1.386
5.584,-0.315,0.607,1.197,1.379
5.587,-0.296,0.611,1.186,1.366
5.589,-0.274,0.616,1.170,1.350
5.592,-0.250,0.622,1.153,1.334
5.594,-0.224,0.632,1.136,1.319
5.597,-0.199,0.645,1.120,1.307
5.599,-0.174,0.656,1.103,1.296
5.601,-0.151,0.668,1.082,1.281
5.604,-0.130,0.678,1.053,1.260
5.606,-0.113,0.683,1.021,1.233
5.609,-0.098,0.683,0.986,1.204
5.611,-0.085,0.680,0.949,1.171
5.614,-0.074,0.678,0.912,1.138
5.616,-0.065,0.678,0.877,1.110
5.619,-0.057,0.677,0.844,1.083
5.623,-0.051,0.678,0.812,1.059
5.623,-0.044,0.679,0.783,1.037
5.626,-0.039,0.680,0.758,1.020
5.628,-0.037,0.679,0.738,1.004
5.630,-0.036,0.676,0.721,0.989
5.633,-0.035,0.672,0.709,0.977
5.635,-0.035,0.666,0.703,0.969
5.638,-0.033,0.664,0.697,0.963
5.640,-0.029,0.662,0.692,0.959
5.642,-0.025,0.660,0.688,0.954
5.645,-0.018,0.659,0.687,0.952
5.648,-0.008,0.660,0.689,0.954
5.650,0.004,0.660,0.693,0.957
5.652,0.016,0.661,0.700,0.963
5.655,0.028,0.664,0.705,0.969
5.657,0.042,0.666,0.709,0.974
5.659,0.055,0.668,0.713,0.978
5.662,0.066,0.668,0.715,0.981
5.664,0.075,0.667,0.720,0.984
5.666,0.084,0.665,0.724,0.986
5.669,0.091,0.664,0.725,0.987
5.671,0.098,0.667,0.725,0.990
5.674,0.106,0.671,0.726,0.994
5.677,0.116,0.673,0.726,0.996
5.678,0.125,0.674,0.724,0.997
5.681,0.136,0.675,0.718,0.995
5.683,0.146,0.675,0.705,0.987
5.688,0.153,0.675,0.687,0.975
5.688,0.160,0.674,0.670,0.963
5.690,0.165,0.674,0.657,0.955
5.693,0.168,0.675,0.648,0.950
5.696,0.169,0.675,0.641,0.946
5.698,0.171,0.676,0.632,0.941
5.701,0.171,0.675,0.622,0.934
5.706,0.170,0.674,0.610,0.925
5.706,0.172,0.672,0.595,0.914
5.707,0.174,0.670,0.583,0.905
5.710,0.174,0.669,0.573,0.898
5.712,0.174,0.666,0.567,0.892
5.715,0.175,0.663,0.564,0.888
5.717,0.174,0.658,0.563,0.883
5.723,0.169,0.653,0.564,0.879
5.724,0.162,0.650,0.572,0.881
5.725,0.154,0.647,0.587,0.887
5.727,0.142,0.643,0.605,0.895
5.729,0.129,0.638,0.625,0.902
5.731,0.115,0.631,0.643,0.908
5.735,0.099,0.625,0.661,0.915
5.740,0.081,0.618,0.681,0.923
5.740,0.062,0.610,0.702,0.932
5.741,0.043,0.603,0.719,0.939
5.744,0.025,0.595,0.732,0.944
5.746,0.006,0.587,0.746,0.950
5.749,-0.012,0.581,0.761,0.957
5.751,-0.027,0.576,0.771,0.963
5.754,-0.041,0.573,0.778,0.967
5.756,-0.053,0.573,0.784,0.973
5.758,-0.061,0.577,0.788,0.979
5.761,-0.061,0.584,0.787,0.982
5.763,-0.057,0.593,0.778,0.980
5.765,-0.049,0.603,0.762,0.973
5.768,-0.036,0.612,0.738,0.960
5.772,-0.021,0.624,0.705,0.942
5.773,-0.008,0.641,0.671,0.928
5.775,0.007,0.656,0.639,0.916
5.777,0.021,0.673,0.615,0.912
5.780,0.034,0.691,0.593,0.911
5.782,0.044,0.706,0.572,0.909
5.785,0.054,0.718,0.552,0.908
5.795,0.060,0.726,0.533,0.903
5.796,0.064,0.732,0.516,0.898
5.796,0.067,0.737,0.502,0.894
5.796,0.066,0.742,0.490,0.892
5.798,0.064,0.745,0.481,0.889
5.799,0.060,0.746,0.474,0.886
5.802,0.053,0.749,0.472,0.886
5.804,0.045,0.748,0.474,0.886
5.806,0.035,0.742,0.480,0.885
5.809,0.026,0.737,0.491,0.886
5.811,0.018,0.733,0.504,0.889
5.814,0.010,0.729,0.518,0.895
5.816,0.004,0.726,0.535,0.902
5.818,-0.001,0.724,0.554,0.912
5.821,-0.006,0.724,0.572,0.923
5.824,-0.010,0.724,0.591,0.935
5.826,-0.012,0.724,0.610,0.947
5.828,-0.014,0.725,0.630,0.960
5.830,-0.015,0.725,0.649,0.973
5.833,-0.015,0.726,0.666,0.985
5.835,-0.015,0.724,0.683,0.995
5.839,-0.014,0.724,0.698,1.005
5.841,-0.015,0.725,0.711,1.016
5.842,-0.016,0.725,0.721,1.022
5.845,-0.017,0.727,0.729,1.029
5.847,-0.018,0.728,0.737,1.036
5.850,-0.020,0.728,0.746,1.043
5.852,-0.020,0.729,0.755,1.050
5.855,-0.019,0.732,0.761,1.056
5.857,-0.014,0.735,0.766,1.061
5.859,-0.008,0.737,0.769,1.065
5.862,-0.003,0.738,0.768,1.065
5.864,0.001,0.739,0.763,1.062
5.866,0.002,0.740,0.755,1.057
5.869,0.005,0.743,0.743,1.051
5.871,0.008,0.749,0.731,1.046
5.875,0.012,0.754,0.718,1.041
5.876,0.016,0.761,0.704,1.037
5.879,0.019,0.766,0.693,1.033
5.881,0.023,0.771,0.684,1.031
5.883,0.028,0.777,0.675,1.030
5.886,0.032,0.782,0.666,1.028
5.888,0.037,0.786,0.659,1.027
5.891,0.043,0.792,0.655,1.028
5.894,0.050,0.798,0.653,1.032
5.896,0.057,0.803,0.651,1.035
5.898,0.063,0.808,0.648,1.037
5.901,0.068,0.812,0.642,1.037
5.906,0.073,0.814,0.637,1.037
5.907,0.076,0.814,0.632,1.033
5.908,0.075,0.815,0.626,1.030
5.910,0.074,0.814,0.625,1.029
5.912,0.074,0.812,0.625,1.028
5.915,0.078,0.811,0.621,1.025
5.917,0.083,0.811,0.615,1.022
5.924,0.085,0.812,0.611,1.020
5.924,0.083,0.812,0.609,1.018
5.925,0.080,0.812,0.611,1.019
5.927,0.078,0.811,0.617,1.022
5.929,0.073,0.808,0.627,1.025
5.931,0.068,0.807,0.639,1.031
5.935,0.062,0.804,0.652,1.036
5.938,0.053,0.800,0.663,1.040
5.940,0.045,0.798,0.668,1.042
5.942,0.037,0.794,0.666,1.037
5.944,0.030,0.790,0.663,1.031
5.946,0.022,0.786,0.657,1.025
5.948,0.018,0.782,0.650,1.017
5.952,0.015,0.780,0.642,1.011
5.955,0.011,0.780,0.635,1.005
5.956,0.009,0.778,0.629,1.001
5.958,0.006,0.776,0.626,0.997
5.961,0.003,0.775,0.623,0.995
5.963,0.002,0.776,0.619,0.993
5.966,0.001,0.775,0.612,0.988
5.968,0.003,0.775,0.606,0.984
5.973,0.007,0.779,0.600,0.983
5.973,0.012,0.783,0.594,0.983
5.976,0.020,0.789,0.589,0.985
5.978,0.028,0.795,0.587,0.989
5.981,0.038,0.803,0.585,0.994
5.983,0.050,0.809,0.583,0.999
5.986,0.061,0.814,0.584,1.003
5.989,0.069,0.819,0.588,1.011
5.991,0.078,0.825,0.594,1.020
5.992,0.087,0.829,0.602,1.028
5.995,0.092,0.830,0.610,1.034
5.998,0.095,0.830,0.618,1.039
6.000,0.097,0.829,0.624,1.042
6.003,0.098,0.828,0.630,1.045
6.006,0.097,0.826,0.633,1.045
6.007,0.095,0.824,0.633,1.044
6.010,0.092,0.824,0.633,1.043
6.012,0.086,0.823,0.634,1.042
6.015,0.079,0.821,0.632,1.040
6.017,0.074,0.820,0.630,1.037
6.019,0.068,0.817,0.630,1.034
6.025,0.063,0.813,0.629,1.030
6.025,0.058,0.808,0.630,1.026
6.027,0.053,0.803,0.633,1.024
6.040,0.046,0.797,0.636,1.021
6.040,0.041,0.791,0.639,1.018
6.040,0.036,0.785,0.644,1.017
6.040,0.029,0.780,0.652,1.017
6.041,0.022,0.774,0.662,1.019
6.041,0.016,0.766,0.675,1.020
6.043,0.008,0.757,0.689,1.023
6.045,0.000,0.749,0.703,1.027
6.048,-0.003,0.743,0.718,1.033
6.051,-0.006,0.737,0.729,1.037
6.053,-0.006,0.734,0.735,1.039
6.057,-0.005,0.734,0.742,1.044
6.058,-0.005,0.736,0.746,1.048
6.060,-0.003,0.738,0.748,1.051
6.062,0.000,0.741,0.749,1.053
6.065,0.003,0.745,0.744,1.053
6.067,0.007,0.748,0.739,1.051
6.070,0.013,0.751,0.730,1.047
6.072,0.018,0.755,0.720,1.043
6.075,0.022,0.758,0.712,1.040
6.077,0.028,0.761,0.706,1.038
6.079,0.033,0.766,0.698,1.037
6.082,0.038,0.773,0.690,1.037
6.084,0.044,0.779,0.684,1.038
6.089,0.050,0.783,0.681,1.039
6.090,0.056,0.787,0.676,1.040
6.091,0.061,0.789,0.670,1.037
6.094,0.065,0.791,0.664,1.035
6.097,0.068,0.794,0.658,1.034
6.099,0.070,0.795,0.659,1.036
6.102,0.075,0.794,0.658,1.034
6.104,0.081,0.792,0.648,1.027
6.106,0.085,0.794,0.635,1.021
6.109,0.086,0.797,0.624,1.016
6.111,0.086,0.801,0.615,1.013
6.113,0.085,0.804,0.606,1.011
6.116,0.082,0.806,0.600,1.008
6.118,0.079,0.809,0.596,1.008
6.125,0.077,0.810,0.596,1.008
6.126,0.072,0.809,0.596,1.007
6.126,0.067,0.806,0.597,1.005
6.129,0.063,0.802,0.602,1.005
6.130,0.059,0.797,0.608,1.004
6.132,0.053,0.793,0.614,1.004
6.135,0.045,0.792,0.622,1.008
6.142,0.034,0.790,0.630,1.011
6.142,0.022,0.787,0.636,1.012
6.143,0.012,0.785,0.642,1.014
6.145,0.004,0.780,0.646,1.013
6.146,-0.000,0.774,0.652,1.012
6.149,-0.003,0.772,0.659,1.015
6.152,-0.005,0.772,0.668,1.021
6.156,-0.007,0.774,0.679,1.029
6.156,-0.008,0.777,0.688,1.038
6.159,-0.009,0.777,0.697,1.044
6.161,-0.009,0.776,0.705,1.048
6.164,-0.008,0.775,0.711,1.051
6.167,-0.006,0.773,0.715,1.053
6.169,-0.004,0.770,0.720,1.054
6.173,-0.003,0.769,0.722,1.055
6.175,-0.003,0.771,0.723,1.056
6.176,-0.004,0.773,0.721,1.057
6.178,-0.004,0.775,0.716,1.055
6.181,-0.004,0.778,0.709,1.053
6.183,-0.002,0.783,0.698,1.049
6.186,0.002,0.788,0.685,1.044
6.189,0.006,0.790,0.672,1.037
6.190,0.009,0.790,0.658,1.028
6.193,0.013,0.792,0.640,1.018
6.195,0.017,0.795,0.623,1.010
6.197,0.021,0.800,0.607,1.004
6.200,0.025,0.807,0.590,1.000
6.203,0.029,0.814,0.573,0.996
6.205,0.032,0.820,0.555,0.991
6.207,0.034,0.826,0.539,0.987
6.209,0.033,0.832,0.527,0.986
6.212,0.037,0.837,0.527,0.990
6.214,0.045,0.842,0.524,0.993
6.217,0.051,0.844,0.507,0.986
6.220,0.049,0.841,0.490,0.975
6.226,0.044,0.840,0.482,0.969
6.226,0.038,0.839,0.481,0.968
6.226,0.033,0.836,0.485,0.967
6.229,0.027,0.832,0.493,0.968
6.231,0.021,0.828,0.505,0.970
6.233,0.018,0.825,0.517,0.974
6.237,0.016,0.819,0.530,0.976
6.242,0.012,0.813,0.543,0.977
6.242,0.007,0.806,0.557,0.980
6.243,0.004,0.801,0.567,0.981
6.245,0.000,0.797,0.576,0.983
6.248,-0.003,0.794,0.585,0.986
6.251,-0.005,0.790,0.594,0.988
6.254,-0.006,0.785,0.604,0.991
6.257,-0.008,0.782,0.608,0.990
6.259,-0.009,0.780,0.608,0.989
6.260,-0.008,0.780,0.605,0.987
6.262,-0.007,0.780,0.603,0.986
6.266,-0.004,0.779,0.600,0.983
6.268,0.001,0.780,0.593,0.979
6.280,0.007,0.782,0.585,0.976
6.280,0.014,0.786,0.574,0.973
6.280,0.021,0.791,0.562,0.970
6.280,0.029,0.795,0.551,0.968
6.280,0.038,0.798,0.542,0.966
6.283,0.047,0.802,0.531,0.963
6.285,0.054,0.807,0.520,0.961
6.287,0.058,0.812,0.510,0.961
6.289,0.065,0.818,0.503,0.963
6.292,0.072,0.825,0.500,0.968
6.295,0.080,0.830,0.496,0.970
6.296,0.087,0.832,0.493,0.971
6.299,0.094,0.836,0.493,0.975
6.303,0.103,0.838,0.492,0.977
6.309,0.112,0.838,0.491,0.978
6.309,0.117,0.840,0.489,0.979
6.309,0.114,0.840,0.486,0.977
6.311,0.110,0.840,0.485,0.976
6.313,0.108,0.839,0.485,0.975
6.316,0.101,0.838,0.486,0.974
6.318,0.087,0.834,0.494,0.973
6.320,0.082,0.830,0.508,0.977
6.333,0.096,0.829,0.516,0.981
6.333,0.119,0.826,0.514,0.980
6.333,0.140,0.819,0.498,0.969
6.334,0.148,0.811,0.476,0.952
6.334,0.143,0.805,0.462,0.939
6.335,0.130,0.804,0.459,0.935
6.339,0.118,0.806,0.463,0.937
6.339,0.113,0.812,0.469,0.945
6.342,0.114,0.823,0.472,0.956
6.344,0.117,0.833,0.479,0.968
6.347,0.119,0.840,0.490,0.980
6.349,0.123,0.844,0.501,0.989
6.352,0.129,0.846,0.510,0.996
6.356,0.135,0.847,0.517,1.002
6.356,0.143,0.846,0.526,1.007
6.358,0.157,0.845,0.536,1.013
6.361,0.171,0.846,0.545,1.021
6.364,0.184,0.846,0.553,1.028
6.366,0.195,0.846,0.557,1.032
6.369,0.202,0.848,0.560,1.036
6.373,0.209,0.852,0.560,1.041
6.373,0.212,0.855,0.559,1.043
6.376,0.214,0.858,0.553,1.043
6.378,0.218,0.867,0.546,1.048
6.380,0.223,0.876,0.540,1.053
6.383,0.230,0.885,0.531,1.057
6.386,0.238,0.897,0.520,1.064
6.389,0.248,0.908,0.510,1.070
6.390,0.257,0.917,0.498,1.075
6.392,0.266,0.927,0.486,1.079
6.396,0.272,0.934,0.474,1.082
6.398,0.276,0.938,0.462,1.082
6.400,0.276,0.941,0.452,1.080
6.403,0.274,0.940,0.445,1.075
6.406,0.268,0.936,0.436,1.067
6.407,0.262,0.932,0.426,1.057
6.410,0.255,0.927,0.418,1.049
6.412,0.246,0.922,0.411,1.039
6.415,0.238,0.916,0.407,1.030
6.418,0.229,0.912,0.405,1.024
6.420,0.221,0.908,0.403,1.018
6.425,0.212,0.902,0.403,1.011
6.426,0.203,0.898,0.402,1.005
6.431,0.197,0.898,0.407,1.005
6.431,0.189,0.897,0.416,1.007
6.431,0.184,0.892,0.423,1.004
6.434,0.180,0.884,0.431,0.999
6.436,0.175,0.874,0.440,0.994
6.439,0.169,0.865,0.449,0.989
6.442,0.163,0.858,0.458,0.986
6.443,0.157,0.852,0.469,0.985
6.446,0.152,0.848,0.481,0.987
6.449,0.152,0.846,0.493,0.991
6.451,0.153,0.846,0.502,0.996
6.453,0.151,0.847,0.506,0.998
6.456,0.150,0.848,0.507,1.000
6.459,0.149,0.849,0.509,1.001
6.460,0.147,0.849,0.509,1.001
6.463,0.145,0.848,0.507,0.998
6.466,0.143,0.845,0.503,0.993
6.468,0.139,0.845,0.498,0.991
6.470,0.138,0.846,0.496,0.991
6.473,0.140,0.846,0.495,0.990
6.475,0.141,0.846,0.491,0.989
6.477,0.141,0.846,0.489,0.988
6.479,0.142,0.848,0.488,0.989
6.483,0.143,0.852,0.488,0.992
6.485,0.147,0.854,0.486,0.994
6.487,0.150,0.855,0.486,0.995
6.490,0.154,0.857,0.490,0.998
6.492,0.158,0.860,0.491,1.003
6.494,0.162,0.864,0.491,1.007
6.496,0.168,0.869,0.488,1.011
6.499,0.173,0.873,0.489,1.015
6.502,0.179,0.876,0.488,1.019
6.504,0.184,0.879,0.487,1.022
6.509,0.186,0.881,0.485,1.023
6.509,0.187,0.885,0.478,1.023
6.523,0.189,0.889,0.470,1.023
6.523,0.191,0.890,0.462,1.021
6.524,0.190,0.892,0.455,1.019
6.524,0.188,0.895,0.449,1.018
6.524,0.183,0.896,0.445,1.017
6.525,0.180,0.895,0.441,1.014
6.532,0.177,0.894,0.438,1.011
6.532,0.171,0.892,0.437,1.008
6.532,0.167,0.889,0.438,1.005
6.532,0.163,0.888,0.439,1.004
6.535,0.160,0.887,0.441,1.003
6.546,0.155,0.883,0.442,0.999
6.546,0.150,0.878,0.443,0.995
6.547,0.145,0.874,0.444,0.990
6.547,0.140,0.869,0.445,0.986
6.547,0.135,0.865,0.443,0.981
6.549,0.129,0.863,0.441,0.978
6.552,0.126,0.862,0.441,0.976
6.557,0.125,0.863,0.441,0.977
6.558,0.123,0.866,0.442,0.980
6.559,0.122,0.868,0.444,0.983
6.561,0.122,0.874,0.447,0.989
6.564,0.125,0.878,0.449,0.994
6.566,0.127,0.880,0.451,0.997
6.569,0.128,0.884,0.453,1.001
6.571,0.130,0.887,0.455,1.005
6.574,0.134,0.891,0.455,1.009
6.577,0.140,0.894,0.455,1.013
6.578,0.143,0.898,0.455,1.017
6.580,0.142,0.901,0.454,1.019
6.583,0.142,0.904,0.453,1.021
6.586,0.140,0.904,0.455,1.022
6.588,0.138,0.902,0.455,1.020
6.590,0.137,0.899,0.456,1.018
6.593,0.134,0.895,0.453,1.012
6.595,0.130,0.893,0.450,1.008
6.598,0.128,0.893,0.449,1.008
6.600,0.127,0.892,0.451,1.007
6.603,0.123,0.888,0.452,1.004
6.607,0.119,0.884,0.451,1.000
6.607,0.115,0.881,0.448,0.995
6.609,0.112,0.879,0.445,0.992
6.612,0.111,0.877,0.440,0.988
6.615,0.111,0.875,0.433,0.983
6.617,0.112,0.874,0.426,0.979
6.620,0.113,0.876,0.421,0.978
6.627,0.115,0.877,0.415,0.977
6.627,0.116,0.877,0.408,0.974
6.627,0.117,0.875,0.401,0.970
6.630,0.116,0.872,0.397,0.965
6.632,0.115,0.869,0.394,0.962
6.634,0.113,0.867,0.391,0.957
6.637,0.113,0.864,0.388,0.954
6.642,0.114,0.861,0.385,0.950
6.642,0.114,0.859,0.383,0.948
6.644,0.113,0.860,0.383,0.949
6.645,0.113,0.863,0.383,0.951
6.648,0.114,0.867,0.382,0.954
6.651,0.114,0.870,0.380,0.956
6.654,0.114,0.873,0.379,0.958
6.657,0.115,0.875,0.379,0.961
6.659,0.119,0.878,0.374,0.962
6.660,0.123,0.878,0.368,0.960
6.662,0.126,0.876,0.364,0.957
6.666,0.131,0.876,0.360,0.956
6.668,0.134,0.877,0.358,0.956
6.670,0.140,0.877,0.358,0.957
6.674,0.150,0.881,0.357,0.962
6.674,0.161,0.885,0.357,0.968
6.677,0.170,0.889,0.362,0.975
6.680,0.177,0.897,0.367,0.985
6.682,0.187,0.904,0.379,0.998
6.685,0.197,0.908,0.393,1.008
6.687,0.203,0.909,0.400,1.014
6.690,0.210,0.912,0.408,1.021
6.691,0.219,0.913,0.425,1.031
6.694,0.224,0.911,0.441,1.036
6.697,0.224,0.905,0.451,1.035
6.699,0.222,0.900,0.455,1.032
6.701,0.218,0.899,0.453,1.029
6.703,0.216,0.897,0.459,1.031
6.707,0.215,0.893,0.475,1.034
6.708,0.207,0.887,0.487,1.033
6.710,0.198,0.883,0.491,1.030
6.714,0.191,0.881,0.493,1.027
6.716,0.185,0.881,0.493,1.027
6.718,0.181,0.881,0.492,1.026
6.721,0.177,0.882,0.487,1.023
6.726,0.172,0.882,0.476,1.017
6.727,0.170,0.882,0.461,1.009
6.728,0.171,0.880,0.450,1.003
6.730,0.175,0.879,0.450,1.003
6.733,0.176,0.875,0.449,0.999
6.735,0.177,0.871,0.441,0.992
6.737,0.178,0.869,0.433,0.987
6.743,0.179,0.872,0.428,0.987
6.743,0.181,0.876,0.424,0.990
6.744,0.182,0.880,0.423,0.993
6.747,0.181,0.886,0.422,0.998
6.750,0.182,0.892,0.420,1.003
6.762,0.181,0.898,0.419,1.007
6.762,0.181,0.902,0.418,1.011
6.762,0.182,0.903,0.420,1.013
6.763,0.185,0.903,0.421,1.014
6.763,0.187,0.902,0.425,1.014
6.765,0.188,0.900,0.431,1.016
6.766,0.189,0.900,0.437,1.018
6.768,0.188,0.899,0.442,1.020
6.771,0.186,0.899,0.449,1.022
6.773,0.185,0.900,0.454,1.025
6.776,0.183,0.901,0.460,1.028
6.779,0.182,0.903,0.467,1.032
6.781,0.180,0.904,0.474,1.037
6.783,0.177,0.902,0.481,1.038
6.786,0.173,0.900,0.483,1.037
6.791,0.169,0.898,0.484,1.034
6.791,0.165,0.894,0.485,1.030
6.793,0.163,0.890,0.486,1.027
6.795,0.159,0.885,0.488,1.024
6.798,0.156,0.883,0.491,1.022
6.801,0.153,0.881,0.493,1.021
6.803,0.148,0.878,0.495,1.018
6.807,0.144,0.876,0.496,1.017
6.808,0.141,0.876,0.496,1.016
6.810,0.140,0.876,0.496,1.016
6.812,0.137,0.874,0.496,1.014
6.815,0.135,0.873,0.493,1.012
6.817,0.134,0.875,0.490,1.011
6.820,0.134,0.876,0.485,1.010
6.822,0.136,0.876,0.478,1.007
6.828,0.138,0.875,0.469,1.002
6.829,0.142,0.877,0.461,1.001
6.829,0.147,0.879,0.454,1.000
6.832,0.152,0.883,0.449,1.002
6.835,0.160,0.888,0.444,1.006
6.837,0.168,0.895,0.437,1.010
6.857,0.182,0.903,0.430,1.017
6.858,0.198,0.910,0.425,1.024
6.858,0.212,0.918,0.422,1.032
6.858,0.224,0.925,0.421,1.041
6.858,0.231,0.932,0.420,1.048
6.858,0.239,0.936,0.420,1.054
6.858,0.247,0.937,0.423,1.057
6.858,0.250,0.938,0.425,1.059
6.859,0.251,0.939,0.425,1.060
6.860,0.252,0.940,0.422,1.060
6.863,0.254,0.940,0.419,1.060
6.866,0.256,0.941,0.416,1.060
6.868,0.256,0.941,0.414,1.059
6.870,0.252,0.939,0.414,1.057
6.874,0.247,0.936,0.417,1.054
6.877,0.242,0.933,0.422,1.052
6.878,0.236,0.931,0.426,1.050
6.879,0.229,0.928,0.435,1.050
6.882,0.224,0.922,0.444,1.048
6.885,0.219,0.917,0.450,1.045
6.887,0.215,0.912,0.456,1.042
6.891,0.211,0.907,0.462,1.040
6.894,0.207,0.902,0.465,1.036
6.895,0.201,0.896,0.462,1.028
6.897,0.195,0.891,0.458,1.021
6.899,0.192,0.887,0.453,1.014
6.902,0.188,0.882,0.447,1.007
6.904,0.183,0.881,0.441,1.002
6.908,0.181,0.881,0.436,0.999
6.910,0.180,0.881,0.432,0.998
6.911,0.180,0.883,0.429,0.998
6.913,0.180,0.883,0.428,0.997
6.916,0.179,0.883,0.429,0.998
6.918,0.180,0.882,0.430,0.997
6.921,0.181,0.881,0.431,0.998
6.927,0.182,0.883,0.431,0.999
6.927,0.184,0.883,0.433,1.001
6.930,0.185,0.881,0.436,1.001
6.931,0.185,0.880,0.438,1.000
6.932,0.186,0.881,0.439,1.001
6.935,0.186,0.882,0.442,1.004
6.937,0.185,0.882,0.444,1.005
6.948,0.184,0.881,0.444,1.004
6.948,0.183,0.881,0.444,1.003
6.948,0.182,0.882,0.442,1.003
6.948,0.182,0.883,0.440,1.003
6.949,0.183,0.885,0.441,1.005
6.952,0.183,0.888,0.444,1.010
6.955,0.185,0.891,0.443,1.012
6.958,0.188,0.892,0.439,1.012
6.960,0.192,0.893,0.432,1.010
6.961,0.197,0.894,0.421,1.008
6.964,0.198,0.895,0.411,1.005
6.967,0.196,0.896,0.401,1.001
6.969,0.195,0.897,0.391,0.998
6.971,0.193,0.898,0.384,0.996
6.974,0.191,0.899,0.382,0.995
6.976,0.187,0.899,0.383,0.995
6.979,0.182,0.895,0.384,0.991
6.981,0.179,0.892,0.384,0.987
6.984,0.175,0.890,0.385,0.985
6.986,0.173,0.887,0.389,0.984
6.989,0.172,0.885,0.396,0.985
6.991,0.171,0.884,0.406,0.987
7.004,0.171,0.884,0.414,0.991
7.005,0.173,0.885,0.420,0.995
7.005,0.175,0.886,0.428,0.999
7.005,0.179,0.886,0.433,1.003
7.005,0.184,0.889,0.437,1.007
7.006,0.189,0.892,0.440,1.013
7.009,0.194,0.893,0.439,1.014
7.010,0.199,0.894,0.436,1.015
7.012,0.204,0.895,0.433,1.015
7.016,0.208,0.896,0.428,1.014
7.017,0.210,0.897,0.425,1.015
7.019,0.212,0.898,0.421,1.014
7.022,0.213,0.898,0.417,1.012
7.026,0.213,0.899,0.414,1.012
7.027,0.211,0.898,0.410,1.010
7.029,0.206,0.897,0.408,1.007
7.032,0.203,0.896,0.406,1.005
7.034,0.200,0.896,0.404,1.003
7.036,0.197,0.896,0.404,1.002
7.041,0.194,0.895,0.403,1.001
7.042,0.191,0.894,0.405,1.000
7.043,0.189,0.893,0.408,0.999
7.046,0.188,0.892,0.409,1.000
7.049,0.189,0.889,0.412,0.998
7.051,0.188,0.888,0.416,0.998
7.053,0.185,0.887,0.420,0.999
7.058,0.185,0.887,0.421,0.999
7.058,0.184,0.888,0.419,0.999
7.061,0.183,0.889,0.419,0.999
7.063,0.184,0.889,0.418,0.999
7.065,0.185,0.891,0.419,1.002
7.068,0.189,0.897,0.427,1.011
7.071,0.192,0.902,0.436,1.020
7.072,0.194,0.903,0.434,1.021
7.076,0.204,0.904,0.422,1.018
7.078,0.216,0.907,0.415,1.021
7.080,0.222,0.910,0.412,1.023
7.082,0.222,0.911,0.405,1.022
7.085,0.224,0.915,0.392,1.021
7.088,0.228,0.918,0.379,1.019
7.091,0.234,0.920,0.368,1.018
7.092,0.240,0.921,0.357,1.017
7.094,0.243,0.921,0.347,1.014
7.096,0.243,0.922,0.341,1.012
7.099,0.242,0.920,0.338,1.010
7.102,0.242,0.921,0.337,1.010
7.104,0.242,0.921,0.341,1.011
7.107,0.239,0.918,0.345,1.009
7.110,0.235,0.914,0.340,1.003
7.111,0.231,0.912,0.330,0.997
7.114,0.230,0.910,0.328,0.994
7.116,0.228,0.907,0.328,0.991
7.119,0.228,0.910,0.314,0.989
7.121,0.232,0.919,0.297,0.993
7.126,0.236,0.927,0.291,1.000
7.126,0.241,0.931,0.294,1.006
7.127,0.245,0.933,0.303,1.011
7.130,0.247,0.932,0.318,1.015
7.132,0.247,0.926,0.334,1.015
7.136,0.246,0.918,0.348,1.012
7.137,0.243,0.910,0.361,1.009
7.140,0.237,0.904,0.375,1.007
7.142,0.229,0.901,0.391,1.008
7.144,0.221,0.899,0.409,1.012
7.147,0.216,0.898,0.424,1.016
7.149,0.210,0.898,0.433,1.018
7.151,0.204,0.899,0.441,1.022
7.157,0.198,0.900,0.442,1.022
7.157,0.198,0.900,0.444,1.023
7.159,0.202,0.898,0.454,1.026
7.162,0.201,0.894,0.458,1.024
7.164,0.197,0.887,0.455,1.017
7.166,0.194,0.881,0.459,1.013
7.168,0.194,0.882,0.470,1.018
7.171,0.195,0.887,0.481,1.028
7.174,0.197,0.892,0.490,1.037
7.176,0.202,0.899,0.495,1.045
7.178,0.209,0.907,0.503,1.058
7.181,0.216,0.916,0.511,1.071
7.183,0.223,0.924,0.515,1.081
7.185,0.229,0.931,0.519,1.090
7.187,0.229,0.934,0.526,1.096
7.190,0.226,0.936,0.533,1.100
7.192,0.223,0.937,0.536,1.103
7.195,0.219,0.935,0.534,1.099
7.197,0.218,0.930,0.523,1.088
7.200,0.218,0.923,0.504,1.074
7.202,0.218,0.917,0.483,1.059
7.205,0.218,0.913,0.460,1.045
7.209,0.217,0.912,0.442,1.037
7.211,0.217,0.916,0.428,1.034
7.212,0.218,0.920,0.419,1.034
7.214,0.219,0.923,0.411,1.034
7.217,0.219,0.926,0.402,1.033
7.219,0.218,0.927,0.389,1.029
7.223,0.215,0.926,0.369,1.020
7.225,0.214,0.923,0.355,1.012
7.226,0.216,0.917,0.343,1.003
7.229,0.220,0.905,0.323,0.985
7.231,0.222,0.877,0.299,0.953
7.239,0.220,0.860,0.274,0.929
7.239,0.214,0.869,0.254,0.931
7.239,0.207,0.885,0.241,0.940
7.241,0.204,0.899,0.239,0.952
7.243,0.206,0.908,0.246,0.963
7.246,0.210,0.910,0.259,0.970
7.248,0.215,0.910,0.277,0.975
7.250,0.222,0.906,0.296,0.978
7.253,0.228,0.902,0.316,0.983
7.256,0.232,0.902,0.336,0.990
